"569","6"
"0.0","0.0","0.0","0.0","0.0","0.0","0.0","0.0","1.0","0.0","1.0","0.0","0.0","0.0","0.0","0.0","1.0","0.0","1.0","1.0","0.0","1.0","0.0","1.0","1.0","1.0","0.0","0.0","1.0","0.0","0.0","1.0","1.0","0.0","0.0","1.0","1.0","1.0","0.0","0.0","0.0","1.0","1.0","0.0","1.0","0.0","0.0","1.0","1.0","0.0","1.0","1.0","1.0","0.0","1.0","0.0","1.0","1.0","1.0","0.0","1.0","1.0","1.0","0.0","0.0","0.0","1.0","1.0","1.0","0.0","0.0","1.0","1.0","0.0","0.0","1.0","1.0","1.0","0.0","1.0","0.0","1.0","0.0","1.0","1.0","0.0","1.0","1.0","1.0","1.0","1.0","0.0","0.0","1.0","1.0","1.0","0.0","1.0","1.0","1.0","0.0","0.0","0.0","1.0","1.0","0.0","1.0","1.0","0.0","0.0","0.0","0.0","0.0","0.0","1.0","0.0","1.0","0.0","1.0","1.0","0.0","1.0","1.0","0.0","0.0","0.0","1.0","0.0","1.0","1.0","0.0","1.0","1.0","1.0","0.0","1.0","1.0","0.0","0.0","0.0","1.0","1.0","1.0","0.0","1.0","0.0","0.0","0.0","1.0","1.0","0.0","0.0","1.0","0.0","0.0","0.0","1.0","0.0","1.0","1.0","0.0","0.0","1.0","1.0","0.0","1.0","0.0","1.0","1.0","0.0","1.0","1.0","1.0","1.0","0.0","0.0","1.0","0.0","0.0","1.0","1.0","1.0","0.0","0.0","0.0","1.0","1.0","0.0","1.0","1.0","0.0","1.0","1.0","1.0","0.0","0.0","1.0","0.0","0.0","1.0","0.0","0.0","0.0","1.0","0.0","1.0","1.0","0.0","0.0","0.0","1.0","0.0","1.0","0.0","1.0","0.0","1.0","0.0","0.0","1.0","0.0","0.0","1.0","0.0","1.0","1.0","1.0","0.0","1.0","0.0","1.0","0.0","0.0","0.0","0.0","0.0","1.0","1.0","1.0","0.0","1.0","1.0","0.0","1.0","1.0","0.0","0.0","1.0","1.0","0.0","1.0","1.0","1.0","1.0","0.0","0.0","0.0","1.0","1.0","1.0","0.0","0.0","1.0","0.0","0.0","1.0","1.0","0.0","1.0","1.0","0.0","0.0","0.0","0.0","1.0","1.0","0.0","1.0","1.0","0.0","1.0","1.0","1.0","1.0","0.0","1.0","1.0","0.0","0.0","1.0","1.0","1.0","0.0","1.0","1.0","0.0","1.0","1.0","0.0","0.0","0.0","0.0","1.0","1.0","0.0","0.0","0.0","0.0","0.0","0.0","1.0","1.0","1.0","1.0","0.0","1.0","1.0","0.0","1.0","0.0","1.0","0.0","0.0","0.0","0.0","1.0","0.0","0.0","1.0","1.0","1.0","0.0","1.0","1.0","0.0","1.0","1.0","1.0","0.0","0.0","1.0","1.0","0.0","0.0","1.0","1.0","0.0","1.0","0.0","1.0","0.0","1.0","0.0","0.0","1.0","0.0","0.0","1.0","1.0","0.0","0.0","1.0","1.0","1.0","0.0","1.0","1.0","0.0","1.0","0.0","1.0","1.0","0.0","1.0","1.0","1.0","1.0","0.0","1.0","1.0","0.0","1.0","1.0","0.0","0.0","1.0","1.0","0.0","0.0","0.0","1.0","0.0","1.0","0.0","1.0","0.0","0.0","0.0","1.0","1.0","0.0","0.0","0.0","1.0","1.0","1.0","0.0","1.0","0.0","0.0","1.0","0.0","0.0","1.0","0.0","1.0","0.0","1.0","1.0","0.0","1.0","1.0","1.0","0.0","0.0","1.0","0.0","1.0","0.0","0.0","1.0","1.0","0.0","0.0","0.0","0.0","0.0","0.0","1.0","0.0","1.0","1.0","0.0","1.0","0.0","1.0","0.0","1.0","0.0","0.0","0.0","1.0","1.0","0.0","0.0","0.0","1.0","1.0","0.0","0.0","1.0","0.0","0.0","1.0","0.0","0.0","1.0","0.0","0.0","1.0","0.0","1.0","1.0","1.0","1.0","0.0","0.0","0.0","0.0","0.0","1.0","1.0","1.0","1.0","0.0","0.0","1.0","1.0","0.0","1.0","1.0","0.0","0.0","1.0","1.0","0.0","0.0","0.0","0.0","0.0","1.0","1.0","0.0","1.0","0.0","1.0","1.0","0.0","1.0","0.0","1.0","0.0","0.0","1.0","1.0","0.0","1.0","1.0","1.0","0.0","1.0","1.0","0.0","0.0","1.0","0.0","1.0","1.0","1.0","0.0","0.0","1.0","0.0","1.0","0.0","0.0","0.0","1.0","0.0","0.0","1.0","1.0","0.0","1.0","1.0","1.0","0.0","1.0","1.0","1.0","0.0","1.0","1.0","0.0","0.0","1.0","1.0","0.0","0.0","0.0","1.0","1.0","1.0","0.0","0.0","0.0","0.0","1.0","0.0","0.49576881895288416","0.4793216935348915","0.46380808600453904","0.34284300391244665","0.24276400112829","0.4266823941023244"
"0.0","0.0","0.0","1.0","1.0","0.0","1.0","1.0","1.0","0.0","0.0","0.0","0.0","1.0","0.0","0.0","1.0","1.0","1.0","1.0","0.0","0.0","1.0","0.0","1.0","0.0","0.0","0.0","0.0","0.0","1.0","0.0","1.0","1.0","0.0","0.0","0.0","0.0","0.0","0.0","0.0","0.0","0.0","0.0","0.0","0.0","0.0","0.0","1.0","1.0","0.0","1.0","0.0","0.0","0.0","1.0","1.0","1.0","0.0","0.0","1.0","0.0","0.0","1.0","0.0","0.0","0.0","0.0","1.0","0.0","0.0","1.0","1.0","1.0","1.0","1.0","1.0","1.0","1.0","0.0","0.0","1.0","0.0","0.0","1.0","0.0","0.0","1.0","0.0","0.0","1.0","0.0","0.0","1.0","1.0","1.0","1.0","0.0","1.0","0.0","1.0","1.0","1.0","0.0","0.0","0.0","1.0","1.0","1.0","1.0","0.0","0.0","1.0","1.0","1.0","0.0","1.0","1.0","1.0","0.0","1.0","1.0","0.0","0.0","1.0","1.0","0.0","0.0","1.0","1.0","0.0","0.0","0.0","1.0","0.0","0.0","1.0","0.0","1.0","1.0","0.0","1.0","1.0","0.0","0.0","0.0","0.0","0.0","1.0","0.0","0.0","0.0","0.0","0.0","0.0","0.0","1.0","0.0","0.0","1.0","1.0","0.0","1.0","0.0","1.0","1.0","0.0","0.0","1.0","0.0","1.0","0.0","1.0","0.0","1.0","0.0","0.0","1.0","0.0","1.0","0.0","0.0","1.0","1.0","0.0","1.0","1.0","1.0","1.0","0.0","1.0","0.0","1.0","1.0","0.0","0.0","1.0","0.0","0.0","0.0","1.0","1.0","0.0","0.0","1.0","1.0","1.0","0.0","1.0","0.0","0.0","0.0","1.0","1.0","0.0","0.0","0.0","0.0","1.0","1.0","0.0","1.0","1.0","0.0","0.0","0.0","1.0","0.0","0.0","1.0","1.0","0.0","1.0","1.0","0.0","1.0","0.0","0.0","1.0","1.0","1.0","1.0","0.0","0.0","1.0","0.0","1.0","0.0","0.0","1.0","1.0","0.0","0.0","1.0","0.0","1.0","0.0","1.0","1.0","1.0","0.0","1.0","1.0","0.0","1.0","1.0","1.0","1.0","0.0","0.0","1.0","1.0","1.0","1.0","0.0","0.0","1.0","1.0","1.0","0.0","1.0","1.0","0.0","0.0","0.0","1.0","1.0","1.0","0.0","0.0","0.0","1.0","0.0","1.0","0.0","0.0","1.0","0.0","0.0","0.0","0.0","0.0","0.0","0.0","1.0","1.0","0.0","1.0","0.0","0.0","0.0","0.0","0.0","1.0","0.0","0.0","1.0","1.0","1.0","1.0","1.0","0.0","1.0","1.0","1.0","1.0","1.0","0.0","0.0","1.0","1.0","1.0","0.0","1.0","0.0","0.0","0.0","1.0","0.0","0.0","0.0","1.0","0.0","0.0","0.0","1.0","0.0","0.0","0.0","1.0","0.0","0.0","0.0","0.0","1.0","0.0","1.0","0.0","1.0","1.0","0.0","1.0","0.0","0.0","1.0","0.0","0.0","1.0","0.0","0.0","0.0","1.0","1.0","1.0","1.0","1.0","0.0","0.0","1.0","1.0","1.0","0.0","0.0","0.0","0.0","1.0","0.0","1.0","1.0","0.0","1.0","0.0","1.0","1.0","1.0","0.0","0.0","0.0","1.0","0.0","1.0","0.0","1.0","1.0","1.0","0.0","0.0","1.0","1.0","1.0","1.0","1.0","0.0","1.0","1.0","0.0","1.0","1.0","0.0","0.0","1.0","0.0","1.0","1.0","1.0","1.0","0.0","1.0","1.0","1.0","1.0","0.0","0.0","1.0","1.0","1.0","0.0","1.0","0.0","1.0","0.0","0.0","0.0","0.0","1.0","0.0","1.0","0.0","1.0","1.0","0.0","0.0","1.0","0.0","0.0","0.0","1.0","1.0","0.0","0.0","1.0","0.0","0.0","0.0","0.0","1.0","1.0","0.0","1.0","1.0","1.0","0.0","0.0","1.0","0.0","0.0","0.0","1.0","0.0","1.0","1.0","1.0","1.0","0.0","0.0","1.0","1.0","0.0","1.0","0.0","0.0","0.0","0.0","1.0","0.0","1.0","1.0","0.0","1.0","1.0","0.0","1.0","0.0","0.0","1.0","0.0","1.0","1.0","1.0","1.0","0.0","0.0","1.0","0.0","1.0","1.0","0.0","0.0","1.0","1.0","0.0","0.0","1.0","1.0","0.0","0.0","1.0","0.0","0.0","1.0","1.0","1.0","1.0","1.0","0.0","1.0","0.0","0.0","0.0","1.0","1.0","0.0","1.0","1.0","0.0","1.0","0.0","0.0","1.0","0.0","1.0","1.0","0.0","1.0","0.0","1.0","1.0","1.0","1.0","0.0","0.0","0.0","1.0","1.0","1.0","1.0","1.0","0.0","0.0","0.523372869888113","0.48674067049701564","0.5271504148764877","0.3197069002236132","0.22436793150494763","0.38101874558607146"
"0.0","1.0","1.0","1.0","0.0","1.0","0.0","1.0","1.0","1.0","1.0","0.0","0.0","0.0","0.0","1.0","0.0","1.0","0.0","0.0","0.0","0.0","1.0","0.0","0.0","0.0","0.0","0.0","0.0","1.0","1.0","0.0","1.0","1.0","1.0","1.0","1.0","1.0","1.0","1.0","1.0","0.0","0.0","1.0","1.0","0.0","1.0","1.0","0.0","1.0","0.0","1.0","1.0","1.0","1.0","1.0","0.0","0.0","1.0","1.0","1.0","1.0","0.0","0.0","1.0","1.0","1.0","0.0","0.0","0.0","0.0","1.0","1.0","1.0","0.0","0.0","0.0","1.0","0.0","0.0","1.0","1.0","0.0","1.0","1.0","1.0","0.0","1.0","1.0","0.0","0.0","1.0","1.0","0.0","0.0","1.0","0.0","0.0","1.0","0.0","0.0","0.0","1.0","1.0","0.0","1.0","0.0","0.0","0.0","1.0","1.0","0.0","0.0","0.0","0.0","0.0","0.0","1.0","0.0","0.0","1.0","1.0","1.0","0.0","0.0","1.0","0.0","1.0","1.0","1.0","1.0","0.0","1.0","1.0","1.0","0.0","0.0","0.0","0.0","0.0","1.0","1.0","1.0","1.0","0.0","1.0","1.0","0.0","1.0","0.0","1.0","1.0","0.0","1.0","0.0","1.0","0.0","0.0","1.0","1.0","1.0","1.0","1.0","0.0","0.0","0.0","0.0","1.0","0.0","1.0","1.0","1.0","1.0","1.0","0.0","0.0","0.0","1.0","1.0","1.0","0.0","1.0","1.0","1.0","0.0","1.0","0.0","1.0","1.0","1.0","0.0","1.0","0.0","1.0","1.0","1.0","1.0","0.0","0.0","0.0","0.0","0.0","1.0","0.0","1.0","0.0","0.0","1.0","0.0","1.0","0.0","0.0","1.0","0.0","0.0","0.0","0.0","1.0","0.0","1.0","0.0","0.0","0.0","0.0","0.0","1.0","1.0","1.0","1.0","1.0","1.0","1.0","0.0","1.0","0.0","1.0","0.0","0.0","1.0","1.0","0.0","0.0","0.0","0.0","1.0","0.0","0.0","1.0","0.0","0.0","0.0","1.0","1.0","1.0","0.0","0.0","0.0","1.0","0.0","0.0","0.0","1.0","0.0","0.0","0.0","0.0","1.0","0.0","1.0","0.0","1.0","1.0","1.0","1.0","0.0","0.0","1.0","1.0","1.0","0.0","1.0","1.0","0.0","1.0","1.0","0.0","1.0","1.0","1.0","0.0","1.0","0.0","1.0","1.0","0.0","0.0","0.0","0.0","0.0","1.0","0.0","0.0","0.0","0.0","1.0","1.0","0.0","0.0","1.0","0.0","0.0","0.0","1.0","0.0","0.0","1.0","0.0","0.0","1.0","0.0","1.0","0.0","0.0","0.0","0.0","1.0","0.0","0.0","1.0","1.0","1.0","0.0","1.0","1.0","0.0","1.0","1.0","1.0","0.0","0.0","1.0","1.0","0.0","0.0","1.0","1.0","0.0","1.0","0.0","1.0","0.0","1.0","0.0","0.0","1.0","0.0","0.0","1.0","1.0","0.0","0.0","1.0","1.0","1.0","0.0","1.0","1.0","0.0","1.0","0.0","0.0","1.0","0.0","1.0","1.0","1.0","0.0","0.0","0.0","1.0","0.0","0.0","0.0","1.0","0.0","0.0","0.0","1.0","0.0","1.0","1.0","0.0","1.0","0.0","0.0","0.0","0.0","0.0","0.0","0.0","0.0","1.0","1.0","0.0","1.0","1.0","0.0","0.0","1.0","0.0","1.0","0.0","1.0","0.0","1.0","1.0","0.0","0.0","0.0","0.0","0.0","0.0","1.0","1.0","0.0","1.0","0.0","0.0","0.0","0.0","0.0","0.0","1.0","1.0","1.0","0.0","0.0","0.0","0.0","1.0","0.0","1.0","1.0","1.0","0.0","0.0","1.0","0.0","0.0","0.0","1.0","1.0","0.0","0.0","1.0","1.0","1.0","1.0","0.0","1.0","1.0","0.0","1.0","0.0","1.0","0.0","0.0","0.0","0.0","0.0","0.0","0.0","1.0","1.0","1.0","0.0","0.0","0.0","0.0","1.0","1.0","1.0","0.0","0.0","1.0","0.0","0.0","0.0","1.0","0.0","1.0","1.0","0.0","0.0","1.0","1.0","0.0","1.0","1.0","0.0","1.0","0.0","1.0","0.0","0.0","1.0","0.0","0.0","1.0","0.0","1.0","0.0","0.0","1.0","1.0","1.0","1.0","1.0","1.0","0.0","0.0","1.0","1.0","0.0","0.0","0.0","1.0","0.0","0.0","1.0","0.0","1.0","1.0","0.0","1.0","0.0","1.0","0.0","0.0","0.0","1.0","0.0","0.0","0.0","1.0","1.0","0.0","1.0","1.0","1.0","1.0","0.0","1.0","1.0","1.0","0.0","1.0","0.0","0.0","0.0","1.0","0.0","0.0","0.0","1.0","0.0","1.0","0.0","1.0","0.4698148844905937","0.5222067272828694","0.5315579211716572","0.3430611984544491","0.22136919756539303","0.4674486538136891"
"0.0","0.0","0.0","0.0","0.0","0.0","1.0","0.0","1.0","0.0","1.0","0.0","0.0","0.0","0.0","0.0","1.0","0.0","1.0","1.0","0.0","1.0","0.0","1.0","1.0","1.0","0.0","0.0","1.0","0.0","0.0","1.0","1.0","0.0","0.0","1.0","1.0","1.0","0.0","0.0","0.0","1.0","1.0","0.0","1.0","0.0","0.0","1.0","1.0","0.0","1.0","1.0","1.0","0.0","1.0","0.0","1.0","1.0","1.0","0.0","1.0","1.0","1.0","0.0","0.0","0.0","1.0","1.0","1.0","0.0","0.0","1.0","1.0","0.0","0.0","1.0","1.0","1.0","0.0","1.0","0.0","1.0","0.0","1.0","1.0","0.0","1.0","1.0","1.0","1.0","1.0","0.0","0.0","1.0","1.0","1.0","0.0","1.0","1.0","1.0","0.0","0.0","0.0","1.0","1.0","0.0","1.0","1.0","0.0","0.0","0.0","0.0","0.0","0.0","1.0","0.0","1.0","0.0","1.0","1.0","0.0","1.0","1.0","0.0","0.0","0.0","1.0","0.0","1.0","1.0","0.0","1.0","1.0","1.0","0.0","1.0","1.0","0.0","0.0","0.0","1.0","1.0","1.0","0.0","1.0","0.0","0.0","0.0","1.0","1.0","0.0","0.0","1.0","0.0","0.0","0.0","1.0","0.0","1.0","1.0","0.0","0.0","1.0","1.0","0.0","1.0","0.0","0.0","1.0","0.0","1.0","1.0","1.0","1.0","0.0","0.0","1.0","0.0","0.0","1.0","1.0","1.0","0.0","0.0","0.0","1.0","1.0","0.0","1.0","1.0","0.0","1.0","1.0","1.0","0.0","0.0","1.0","0.0","0.0","1.0","0.0","0.0","0.0","1.0","0.0","1.0","1.0","0.0","0.0","0.0","1.0","0.0","1.0","0.0","1.0","0.0","1.0","0.0","0.0","1.0","0.0","0.0","1.0","0.0","1.0","1.0","1.0","0.0","1.0","0.0","1.0","0.0","0.0","0.0","0.0","0.0","1.0","1.0","1.0","0.0","1.0","1.0","0.0","1.0","1.0","0.0","0.0","1.0","1.0","0.0","1.0","1.0","1.0","1.0","0.0","0.0","0.0","1.0","1.0","1.0","0.0","0.0","1.0","0.0","0.0","1.0","1.0","0.0","1.0","1.0","0.0","0.0","0.0","0.0","1.0","1.0","0.0","1.0","1.0","0.0","1.0","1.0","1.0","1.0","0.0","1.0","1.0","0.0","0.0","1.0","1.0","1.0","0.0","1.0","1.0","0.0","1.0","1.0","0.0","0.0","0.0","0.0","1.0","1.0","0.0","0.0","0.0","0.0","0.0","0.0","1.0","1.0","1.0","1.0","0.0","1.0","1.0","0.0","1.0","0.0","0.0","1.0","1.0","1.0","0.0","0.0","0.0","1.0","0.0","0.0","0.0","0.0","0.0","0.0","1.0","1.0","0.0","0.0","0.0","0.0","0.0","1.0","0.0","1.0","1.0","1.0","0.0","0.0","0.0","0.0","0.0","1.0","1.0","0.0","0.0","0.0","1.0","1.0","1.0","0.0","0.0","1.0","0.0","0.0","0.0","1.0","1.0","0.0","0.0","1.0","0.0","1.0","1.0","1.0","0.0","1.0","1.0","1.0","0.0","1.0","0.0","0.0","0.0","0.0","0.0","0.0","0.0","1.0","1.0","0.0","0.0","0.0","1.0","1.0","0.0","0.0","1.0","1.0","1.0","1.0","1.0","0.0","1.0","0.0","1.0","0.0","1.0","0.0","0.0","0.0","1.0","0.0","0.0","1.0","1.0","0.0","1.0","0.0","0.0","1.0","1.0","0.0","1.0","0.0","0.0","0.0","0.0","0.0","0.0","1.0","0.0","1.0","0.0","1.0","0.0","0.0","1.0","0.0","0.0","1.0","1.0","0.0","1.0","1.0","0.0","0.0","0.0","1.0","0.0","1.0","0.0","1.0","0.0","1.0","1.0","1.0","1.0","0.0","0.0","0.0","1.0","1.0","1.0","0.0","1.0","1.0","0.0","1.0","1.0","0.0","0.0","1.0","0.0","0.0","0.0","0.0","0.0","0.0","0.0","0.0","0.0","1.0","1.0","1.0","0.0","1.0","0.0","0.0","1.0","1.0","0.0","1.0","0.0","1.0","0.0","1.0","1.0","1.0","0.0","1.0","1.0","0.0","0.0","0.0","1.0","0.0","0.0","1.0","0.0","1.0","1.0","1.0","1.0","0.0","0.0","1.0","1.0","0.0","1.0","1.0","1.0","1.0","0.0","1.0","0.0","0.0","1.0","0.0","0.0","1.0","1.0","0.0","0.0","1.0","0.0","1.0","0.0","0.0","1.0","1.0","1.0","1.0","0.0","0.0","0.0","0.0","0.0","0.0","1.0","1.0","1.0","0.0","1.0","1.0","1.0","0.0","1.0","0.0","0.0","1.0","0.0","1.0","1.0","1.0","0.0","0.0","1.0","1.0","1.0","0.4279817144654517","0.5295922351759915","0.4710220494974844","0.3392015520652142","0.21981856561413635","0.5139059912130585"
"0.0","0.0","0.0","0.0","1.0","0.0","1.0","0.0","1.0","1.0","0.0","1.0","0.0","1.0","0.0","1.0","1.0","1.0","0.0","0.0","0.0","0.0","1.0","1.0","1.0","0.0","1.0","1.0","1.0","0.0","0.0","1.0","1.0","1.0","1.0","0.0","1.0","1.0","0.0","0.0","0.0","1.0","1.0","1.0","0.0","0.0","0.0","1.0","0.0","0.0","0.0","1.0","1.0","1.0","0.0","1.0","0.0","0.0","1.0","1.0","0.0","0.0","1.0","1.0","0.0","0.0","1.0","1.0","0.0","0.0","0.0","0.0","0.0","1.0","1.0","1.0","1.0","0.0","1.0","1.0","0.0","1.0","1.0","1.0","1.0","0.0","0.0","1.0","1.0","0.0","0.0","1.0","0.0","0.0","0.0","0.0","1.0","0.0","1.0","0.0","1.0","1.0","0.0","0.0","0.0","1.0","1.0","1.0","1.0","1.0","1.0","0.0","1.0","0.0","0.0","0.0","1.0","1.0","1.0","1.0","0.0","0.0","0.0","0.0","1.0","1.0","0.0","0.0","1.0","1.0","0.0","0.0","1.0","1.0","1.0","1.0","0.0","1.0","0.0","1.0","0.0","0.0","0.0","0.0","0.0","0.0","0.0","1.0","0.0","0.0","1.0","1.0","0.0","1.0","0.0","0.0","1.0","1.0","0.0","0.0","0.0","1.0","1.0","1.0","0.0","1.0","1.0","1.0","0.0","0.0","0.0","1.0","0.0","1.0","1.0","1.0","0.0","1.0","1.0","1.0","0.0","0.0","0.0","0.0","1.0","1.0","1.0","0.0","1.0","0.0","1.0","0.0","0.0","1.0","1.0","0.0","0.0","0.0","0.0","1.0","0.0","0.0","1.0","0.0","1.0","0.0","0.0","1.0","1.0","0.0","1.0","0.0","0.0","1.0","0.0","1.0","0.0","0.0","0.0","0.0","1.0","1.0","0.0","0.0","0.0","0.0","1.0","0.0","1.0","1.0","0.0","0.0","1.0","1.0","1.0","0.0","0.0","1.0","1.0","0.0","0.0","1.0","0.0","0.0","1.0","1.0","1.0","0.0","1.0","0.0","1.0","0.0","0.0","1.0","0.0","0.0","0.0","0.0","1.0","1.0","1.0","0.0","0.0","1.0","0.0","0.0","0.0","0.0","1.0","0.0","1.0","0.0","0.0","0.0","0.0","0.0","0.0","1.0","0.0","1.0","1.0","1.0","0.0","0.0","0.0","0.0","0.0","0.0","0.0","0.0","1.0","1.0","1.0","1.0","1.0","0.0","0.0","0.0","0.0","1.0","1.0","0.0","1.0","0.0","0.0","1.0","1.0","1.0","0.0","1.0","1.0","0.0","1.0","0.0","0.0","0.0","1.0","1.0","0.0","1.0","1.0","0.0","0.0","0.0","1.0","1.0","1.0","0.0","1.0","0.0","1.0","1.0","1.0","0.0","1.0","0.0","0.0","0.0","0.0","1.0","0.0","0.0","1.0","1.0","0.0","1.0","1.0","0.0","0.0","0.0","1.0","1.0","1.0","1.0","0.0","1.0","0.0","1.0","0.0","1.0","1.0","1.0","1.0","1.0","0.0","0.0","1.0","1.0","0.0","1.0","0.0","0.0","0.0","0.0","1.0","1.0","0.0","1.0","1.0","0.0","1.0","1.0","1.0","0.0","1.0","0.0","1.0","1.0","0.0","0.0","0.0","1.0","1.0","1.0","0.0","0.0","1.0","0.0","1.0","1.0","1.0","1.0","1.0","0.0","1.0","1.0","0.0","0.0","1.0","0.0","1.0","1.0","1.0","1.0","1.0","0.0","0.0","1.0","0.0","0.0","1.0","0.0","0.0","1.0","1.0","0.0","0.0","0.0","0.0","0.0","1.0","0.0","0.0","1.0","0.0","1.0","0.0","0.0","1.0","1.0","0.0","0.0","0.0","0.0","1.0","1.0","1.0","1.0","1.0","1.0","0.0","0.0","1.0","0.0","0.0","0.0","1.0","1.0","1.0","1.0","1.0","1.0","1.0","1.0","1.0","1.0","1.0","0.0","1.0","0.0","1.0","1.0","1.0","1.0","1.0","1.0","0.0","1.0","0.0","1.0","1.0","0.0","0.0","1.0","0.0","1.0","0.0","1.0","0.0","0.0","0.0","1.0","1.0","1.0","1.0","0.0","1.0","1.0","0.0","0.0","0.0","0.0","1.0","0.0","0.0","0.0","1.0","1.0","1.0","0.0","0.0","0.0","1.0","1.0","1.0","0.0","0.0","0.0","1.0","1.0","0.0","0.0","0.0","0.0","1.0","0.0","1.0","1.0","0.0","0.0","1.0","1.0","1.0","0.0","1.0","1.0","0.0","0.0","0.0","1.0","0.0","0.0","0.0","1.0","1.0","1.0","0.0","0.0","0.0","0.0","0.0","1.0","0.0","0.0","1.0","0.0","0.0","1.0","0.0","1.0","0.0","1.0","0.0","0.0","0.0","0.0","1.0","1.0","0.0","0.48467387494735803","0.5110503709488481","0.44346632312043566","0.331088082654181","0.214971228108909","0.576299617759059"
"0.0","0.0","0.0","0.0","0.0","0.0","1.0","0.0","1.0","0.0","1.0","0.0","0.0","0.0","0.0","0.0","1.0","0.0","1.0","1.0","0.0","1.0","0.0","1.0","1.0","1.0","0.0","0.0","1.0","0.0","0.0","1.0","1.0","0.0","0.0","1.0","1.0","1.0","0.0","0.0","0.0","1.0","1.0","0.0","1.0","0.0","0.0","1.0","1.0","0.0","1.0","1.0","1.0","0.0","1.0","0.0","1.0","1.0","1.0","0.0","1.0","1.0","1.0","0.0","0.0","0.0","1.0","1.0","1.0","0.0","0.0","1.0","1.0","0.0","0.0","1.0","1.0","1.0","0.0","1.0","0.0","1.0","0.0","1.0","1.0","0.0","1.0","1.0","1.0","1.0","1.0","0.0","0.0","1.0","1.0","1.0","0.0","1.0","1.0","1.0","0.0","0.0","0.0","1.0","1.0","0.0","1.0","1.0","0.0","0.0","0.0","0.0","0.0","0.0","1.0","0.0","1.0","0.0","1.0","1.0","0.0","1.0","1.0","0.0","0.0","0.0","1.0","0.0","1.0","1.0","0.0","1.0","1.0","1.0","0.0","1.0","1.0","0.0","0.0","0.0","1.0","1.0","1.0","0.0","1.0","0.0","0.0","0.0","1.0","1.0","0.0","0.0","1.0","0.0","0.0","0.0","1.0","0.0","1.0","1.0","0.0","0.0","1.0","1.0","0.0","1.0","0.0","0.0","1.0","0.0","1.0","1.0","1.0","1.0","0.0","0.0","1.0","0.0","0.0","1.0","1.0","1.0","0.0","0.0","0.0","1.0","1.0","0.0","1.0","1.0","0.0","1.0","1.0","1.0","0.0","0.0","1.0","0.0","0.0","1.0","0.0","0.0","0.0","1.0","0.0","1.0","1.0","0.0","0.0","0.0","1.0","0.0","1.0","0.0","1.0","0.0","1.0","0.0","0.0","1.0","0.0","0.0","1.0","0.0","1.0","1.0","1.0","0.0","1.0","0.0","1.0","0.0","0.0","0.0","0.0","0.0","1.0","1.0","1.0","0.0","1.0","1.0","0.0","1.0","1.0","0.0","0.0","1.0","1.0","0.0","1.0","1.0","1.0","1.0","0.0","0.0","0.0","1.0","1.0","1.0","0.0","0.0","1.0","0.0","0.0","1.0","1.0","0.0","1.0","1.0","0.0","0.0","0.0","0.0","1.0","1.0","0.0","1.0","1.0","0.0","1.0","1.0","1.0","1.0","0.0","1.0","1.0","0.0","0.0","1.0","1.0","1.0","0.0","1.0","1.0","0.0","1.0","1.0","0.0","0.0","0.0","0.0","1.0","1.0","0.0","0.0","0.0","0.0","0.0","0.0","1.0","1.0","0.0","1.0","0.0","1.0","1.0","0.0","0.0","1.0","0.0","1.0","1.0","1.0","0.0","0.0","1.0","1.0","0.0","1.0","1.0","0.0","0.0","0.0","1.0","1.0","0.0","1.0","1.0","0.0","1.0","1.0","1.0","0.0","0.0","0.0","1.0","1.0","0.0","0.0","1.0","1.0","1.0","1.0","0.0","1.0","1.0","1.0","0.0","1.0","0.0","0.0","1.0","1.0","1.0","0.0","0.0","0.0","1.0","1.0","1.0","1.0","1.0","1.0","0.0","1.0","0.0","0.0","0.0","1.0","0.0","0.0","0.0","1.0","1.0","0.0","0.0","1.0","1.0","0.0","1.0","1.0","0.0","1.0","0.0","0.0","1.0","1.0","0.0","0.0","0.0","1.0","1.0","0.0","0.0","0.0","1.0","0.0","1.0","1.0","1.0","1.0","0.0","0.0","0.0","1.0","0.0","1.0","1.0","1.0","1.0","1.0","0.0","1.0","0.0","0.0","0.0","0.0","0.0","0.0","1.0","1.0","1.0","0.0","1.0","1.0","0.0","0.0","1.0","0.0","0.0","1.0","0.0","0.0","0.0","0.0","0.0","1.0","0.0","0.0","0.0","0.0","1.0","1.0","0.0","0.0","0.0","1.0","0.0","0.0","0.0","0.0","0.0","0.0","1.0","1.0","1.0","0.0","1.0","0.0","0.0","0.0","0.0","0.0","1.0","0.0","1.0","1.0","1.0","0.0","1.0","0.0","0.0","0.0","1.0","1.0","0.0","1.0","1.0","1.0","0.0","1.0","0.0","1.0","0.0","1.0","1.0","1.0","1.0","1.0","1.0","0.0","1.0","0.0","1.0","1.0","1.0","0.0","1.0","1.0","1.0","0.0","0.0","1.0","1.0","1.0","0.0","1.0","0.0","1.0","1.0","0.0","1.0","1.0","1.0","0.0","0.0","1.0","0.0","1.0","1.0","0.0","1.0","1.0","0.0","1.0","1.0","0.0","0.0","1.0","0.0","0.0","0.0","1.0","0.0","0.0","0.0","1.0","1.0","0.0","0.0","1.0","0.0","0.0","0.0","0.0","0.0","0.0","1.0","0.0","0.0","1.0","1.0","0.0","0.0","0.0","0.0","1.0","0.0","0.49675981644778905","0.5033524850783734","0.43437342060574047","0.3565714443401882","0.2180158804517628","0.5717797138720022"
"0.0","0.0","0.0","0.0","1.0","0.0","1.0","1.0","1.0","1.0","0.0","1.0","0.0","1.0","0.0","1.0","1.0","1.0","0.0","0.0","0.0","0.0","1.0","1.0","1.0","0.0","1.0","1.0","1.0","0.0","0.0","1.0","1.0","1.0","1.0","0.0","1.0","1.0","0.0","0.0","0.0","1.0","1.0","1.0","0.0","0.0","0.0","1.0","0.0","0.0","0.0","1.0","1.0","1.0","0.0","1.0","0.0","0.0","1.0","1.0","0.0","0.0","1.0","1.0","0.0","0.0","1.0","1.0","0.0","0.0","0.0","0.0","0.0","1.0","1.0","1.0","1.0","0.0","1.0","1.0","0.0","1.0","1.0","1.0","1.0","0.0","0.0","1.0","1.0","0.0","0.0","1.0","0.0","0.0","0.0","0.0","1.0","0.0","1.0","0.0","1.0","1.0","0.0","0.0","0.0","1.0","1.0","1.0","1.0","1.0","1.0","0.0","1.0","0.0","0.0","0.0","1.0","1.0","1.0","1.0","0.0","0.0","0.0","0.0","1.0","1.0","0.0","0.0","1.0","1.0","0.0","0.0","1.0","1.0","1.0","1.0","0.0","1.0","0.0","1.0","0.0","0.0","0.0","0.0","0.0","0.0","0.0","1.0","0.0","0.0","1.0","1.0","0.0","1.0","0.0","0.0","1.0","1.0","0.0","0.0","0.0","1.0","1.0","1.0","0.0","1.0","1.0","1.0","0.0","0.0","0.0","1.0","0.0","1.0","1.0","1.0","0.0","1.0","1.0","1.0","0.0","0.0","0.0","0.0","1.0","1.0","1.0","0.0","1.0","0.0","1.0","0.0","0.0","1.0","1.0","0.0","0.0","0.0","0.0","1.0","0.0","0.0","1.0","0.0","1.0","0.0","0.0","1.0","1.0","0.0","1.0","0.0","0.0","1.0","0.0","1.0","0.0","0.0","0.0","0.0","1.0","1.0","0.0","0.0","0.0","0.0","1.0","0.0","1.0","1.0","0.0","0.0","1.0","1.0","1.0","0.0","0.0","1.0","1.0","0.0","0.0","1.0","0.0","0.0","1.0","1.0","1.0","0.0","1.0","0.0","1.0","0.0","0.0","1.0","0.0","0.0","0.0","0.0","1.0","1.0","1.0","0.0","0.0","1.0","0.0","0.0","0.0","0.0","1.0","0.0","1.0","0.0","0.0","0.0","0.0","0.0","0.0","1.0","0.0","1.0","1.0","1.0","0.0","0.0","0.0","0.0","0.0","0.0","0.0","0.0","1.0","1.0","1.0","1.0","1.0","0.0","0.0","0.0","0.0","1.0","1.0","0.0","1.0","0.0","0.0","1.0","1.0","1.0","0.0","1.0","1.0","0.0","1.0","0.0","0.0","0.0","1.0","1.0","0.0","1.0","1.0","0.0","0.0","0.0","1.0","1.0","1.0","0.0","1.0","0.0","1.0","1.0","1.0","0.0","1.0","0.0","0.0","0.0","0.0","1.0","0.0","0.0","1.0","1.0","0.0","1.0","1.0","0.0","0.0","0.0","1.0","1.0","1.0","1.0","0.0","1.0","0.0","1.0","0.0","1.0","0.0","0.0","1.0","1.0","1.0","0.0","0.0","0.0","1.0","1.0","1.0","1.0","1.0","1.0","0.0","1.0","0.0","0.0","0.0","1.0","0.0","0.0","0.0","1.0","1.0","0.0","0.0","1.0","1.0","0.0","1.0","1.0","0.0","1.0","0.0","0.0","1.0","1.0","0.0","0.0","0.0","1.0","1.0","0.0","0.0","0.0","1.0","0.0","1.0","1.0","1.0","1.0","0.0","0.0","0.0","1.0","0.0","1.0","1.0","1.0","1.0","1.0","0.0","1.0","0.0","0.0","0.0","0.0","0.0","0.0","1.0","1.0","1.0","0.0","1.0","1.0","0.0","0.0","1.0","0.0","0.0","1.0","0.0","0.0","0.0","1.0","0.0","1.0","0.0","0.0","0.0","0.0","1.0","1.0","0.0","0.0","0.0","1.0","0.0","0.0","0.0","0.0","0.0","0.0","1.0","1.0","1.0","0.0","1.0","0.0","0.0","0.0","0.0","0.0","1.0","0.0","1.0","1.0","1.0","0.0","1.0","0.0","0.0","0.0","1.0","1.0","0.0","1.0","1.0","1.0","0.0","1.0","0.0","1.0","0.0","1.0","1.0","1.0","1.0","1.0","1.0","0.0","1.0","0.0","1.0","1.0","1.0","0.0","1.0","1.0","1.0","0.0","0.0","1.0","1.0","1.0","0.0","1.0","0.0","1.0","1.0","0.0","1.0","1.0","1.0","0.0","0.0","1.0","0.0","1.0","1.0","0.0","1.0","1.0","0.0","1.0","1.0","0.0","0.0","1.0","0.0","0.0","0.0","1.0","0.0","0.0","0.0","1.0","1.0","0.0","0.0","1.0","0.0","0.0","0.0","0.0","0.0","0.0","1.0","0.0","0.0","1.0","1.0","0.0","0.0","0.0","0.0","1.0","0.0","0.4732059966648964","0.5280972834272326","0.45704519718928627","0.30952345761274375","0.24232109089964946","0.6135266867508647"
"0.0","1.0","1.0","1.0","1.0","0.0","1.0","0.0","1.0","1.0","1.0","1.0","0.0","1.0","1.0","0.0","0.0","1.0","0.0","0.0","0.0","0.0","1.0","0.0","0.0","0.0","1.0","1.0","1.0","1.0","0.0","1.0","0.0","0.0","1.0","1.0","1.0","1.0","0.0","1.0","0.0","0.0","0.0","0.0","0.0","0.0","1.0","1.0","0.0","0.0","1.0","1.0","0.0","0.0","0.0","1.0","0.0","1.0","0.0","0.0","1.0","1.0","1.0","1.0","0.0","0.0","1.0","1.0","0.0","0.0","0.0","0.0","0.0","1.0","1.0","1.0","1.0","0.0","1.0","1.0","0.0","1.0","1.0","1.0","1.0","0.0","0.0","1.0","1.0","0.0","0.0","1.0","0.0","0.0","0.0","0.0","1.0","0.0","1.0","0.0","1.0","1.0","0.0","0.0","0.0","1.0","1.0","1.0","1.0","1.0","1.0","0.0","1.0","0.0","0.0","0.0","1.0","1.0","1.0","1.0","0.0","0.0","0.0","0.0","1.0","1.0","0.0","0.0","1.0","1.0","0.0","0.0","1.0","1.0","1.0","1.0","0.0","1.0","0.0","1.0","0.0","0.0","0.0","0.0","0.0","0.0","0.0","1.0","0.0","0.0","1.0","1.0","0.0","1.0","0.0","0.0","1.0","1.0","0.0","0.0","0.0","1.0","1.0","1.0","0.0","1.0","1.0","1.0","0.0","0.0","0.0","1.0","0.0","1.0","1.0","1.0","0.0","1.0","1.0","1.0","0.0","0.0","0.0","0.0","1.0","1.0","1.0","0.0","1.0","0.0","1.0","0.0","0.0","1.0","1.0","0.0","0.0","0.0","0.0","1.0","0.0","0.0","1.0","0.0","1.0","0.0","0.0","1.0","1.0","0.0","1.0","0.0","0.0","1.0","0.0","1.0","0.0","0.0","0.0","0.0","1.0","1.0","0.0","0.0","0.0","0.0","1.0","0.0","1.0","1.0","0.0","0.0","1.0","1.0","1.0","0.0","0.0","1.0","1.0","0.0","0.0","1.0","0.0","0.0","1.0","1.0","1.0","0.0","1.0","0.0","1.0","0.0","0.0","1.0","0.0","0.0","0.0","0.0","1.0","1.0","1.0","0.0","0.0","1.0","0.0","0.0","0.0","0.0","1.0","0.0","1.0","0.0","0.0","0.0","0.0","0.0","0.0","1.0","0.0","1.0","1.0","1.0","0.0","0.0","0.0","0.0","0.0","0.0","0.0","0.0","1.0","1.0","1.0","1.0","1.0","0.0","0.0","0.0","0.0","1.0","1.0","0.0","1.0","0.0","0.0","1.0","1.0","1.0","0.0","1.0","1.0","0.0","1.0","0.0","0.0","1.0","1.0","1.0","0.0","1.0","1.0","0.0","0.0","0.0","1.0","1.0","1.0","0.0","1.0","0.0","1.0","1.0","1.0","0.0","1.0","0.0","0.0","0.0","0.0","1.0","0.0","0.0","0.0","1.0","0.0","1.0","1.0","0.0","0.0","0.0","1.0","1.0","1.0","1.0","0.0","1.0","0.0","1.0","0.0","1.0","1.0","1.0","1.0","1.0","0.0","0.0","1.0","1.0","0.0","1.0","0.0","0.0","0.0","0.0","1.0","1.0","0.0","1.0","1.0","0.0","1.0","1.0","1.0","0.0","1.0","0.0","1.0","1.0","0.0","0.0","0.0","1.0","1.0","1.0","0.0","0.0","1.0","0.0","1.0","1.0","1.0","1.0","1.0","0.0","1.0","1.0","0.0","0.0","1.0","0.0","1.0","1.0","1.0","1.0","1.0","0.0","0.0","1.0","0.0","0.0","1.0","0.0","0.0","1.0","1.0","0.0","0.0","0.0","0.0","0.0","1.0","0.0","0.0","1.0","0.0","1.0","0.0","0.0","1.0","1.0","0.0","0.0","0.0","0.0","1.0","1.0","1.0","1.0","1.0","1.0","0.0","0.0","1.0","0.0","0.0","0.0","1.0","1.0","1.0","1.0","1.0","1.0","1.0","1.0","1.0","1.0","1.0","0.0","1.0","0.0","1.0","1.0","1.0","1.0","1.0","1.0","0.0","1.0","0.0","1.0","1.0","0.0","0.0","1.0","0.0","1.0","0.0","1.0","0.0","0.0","0.0","1.0","1.0","1.0","1.0","0.0","1.0","1.0","0.0","0.0","0.0","0.0","1.0","0.0","0.0","0.0","1.0","1.0","1.0","0.0","0.0","0.0","1.0","1.0","1.0","0.0","0.0","0.0","1.0","1.0","0.0","0.0","0.0","0.0","1.0","0.0","1.0","1.0","0.0","0.0","1.0","1.0","1.0","0.0","1.0","1.0","0.0","0.0","0.0","1.0","0.0","0.0","0.0","1.0","1.0","1.0","0.0","0.0","0.0","0.0","0.0","1.0","0.0","0.0","1.0","0.0","0.0","1.0","0.0","1.0","0.0","1.0","0.0","0.0","0.0","0.0","1.0","1.0","0.0","0.47168412509308266","0.5216823785351704","0.4904809195398879","0.32053142843028637","0.20828281115433228","0.6141793778773359"
"0.0","0.0","0.0","1.0","1.0","0.0","1.0","1.0","1.0","0.0","0.0","0.0","0.0","1.0","0.0","0.0","1.0","1.0","1.0","1.0","0.0","0.0","1.0","0.0","1.0","0.0","0.0","0.0","0.0","0.0","1.0","0.0","1.0","1.0","0.0","0.0","0.0","0.0","0.0","0.0","0.0","0.0","0.0","0.0","0.0","0.0","0.0","0.0","1.0","1.0","0.0","1.0","0.0","0.0","0.0","1.0","1.0","1.0","0.0","0.0","1.0","0.0","0.0","1.0","0.0","0.0","0.0","0.0","1.0","0.0","0.0","1.0","1.0","1.0","1.0","1.0","1.0","1.0","1.0","0.0","0.0","1.0","0.0","0.0","1.0","0.0","0.0","1.0","0.0","0.0","1.0","0.0","0.0","1.0","1.0","1.0","1.0","0.0","1.0","0.0","1.0","1.0","1.0","0.0","0.0","0.0","1.0","1.0","1.0","1.0","0.0","0.0","1.0","1.0","1.0","0.0","1.0","1.0","1.0","0.0","1.0","1.0","0.0","0.0","1.0","1.0","0.0","0.0","1.0","1.0","0.0","0.0","0.0","1.0","0.0","0.0","1.0","0.0","1.0","1.0","0.0","1.0","1.0","0.0","0.0","0.0","0.0","1.0","1.0","0.0","0.0","0.0","0.0","0.0","0.0","0.0","1.0","0.0","0.0","1.0","1.0","0.0","1.0","0.0","1.0","1.0","0.0","0.0","1.0","0.0","1.0","0.0","1.0","0.0","1.0","0.0","0.0","1.0","0.0","1.0","0.0","0.0","1.0","1.0","0.0","1.0","1.0","1.0","1.0","0.0","1.0","0.0","1.0","1.0","0.0","0.0","1.0","0.0","0.0","0.0","1.0","1.0","0.0","0.0","1.0","1.0","1.0","0.0","1.0","0.0","0.0","0.0","1.0","1.0","0.0","0.0","0.0","0.0","1.0","1.0","0.0","1.0","1.0","0.0","0.0","0.0","1.0","0.0","0.0","1.0","1.0","0.0","1.0","1.0","0.0","1.0","0.0","0.0","1.0","1.0","1.0","1.0","0.0","0.0","1.0","0.0","1.0","0.0","0.0","1.0","1.0","0.0","0.0","1.0","0.0","1.0","0.0","1.0","1.0","1.0","0.0","1.0","1.0","0.0","1.0","1.0","1.0","1.0","0.0","0.0","1.0","1.0","1.0","1.0","0.0","0.0","1.0","1.0","1.0","0.0","1.0","1.0","0.0","0.0","0.0","1.0","1.0","1.0","0.0","0.0","0.0","1.0","0.0","1.0","0.0","0.0","1.0","0.0","0.0","0.0","0.0","0.0","0.0","0.0","1.0","1.0","0.0","1.0","0.0","0.0","0.0","0.0","0.0","1.0","0.0","0.0","1.0","1.0","1.0","1.0","1.0","0.0","1.0","1.0","1.0","1.0","1.0","0.0","0.0","1.0","1.0","1.0","0.0","1.0","0.0","0.0","0.0","1.0","0.0","0.0","0.0","1.0","0.0","0.0","0.0","1.0","0.0","0.0","0.0","1.0","0.0","0.0","0.0","0.0","1.0","0.0","1.0","0.0","1.0","1.0","0.0","1.0","0.0","0.0","1.0","0.0","0.0","1.0","0.0","0.0","0.0","1.0","1.0","1.0","1.0","1.0","0.0","0.0","1.0","1.0","1.0","0.0","0.0","0.0","0.0","1.0","0.0","1.0","1.0","0.0","1.0","0.0","1.0","1.0","1.0","0.0","0.0","1.0","1.0","0.0","1.0","0.0","1.0","1.0","1.0","0.0","0.0","1.0","1.0","1.0","1.0","1.0","0.0","1.0","1.0","0.0","1.0","1.0","0.0","0.0","1.0","0.0","1.0","1.0","0.0","1.0","0.0","1.0","1.0","1.0","1.0","0.0","0.0","1.0","1.0","1.0","0.0","1.0","0.0","1.0","0.0","0.0","0.0","0.0","1.0","0.0","1.0","0.0","1.0","1.0","0.0","0.0","1.0","0.0","0.0","0.0","1.0","1.0","0.0","0.0","1.0","0.0","0.0","0.0","0.0","1.0","1.0","0.0","1.0","1.0","1.0","0.0","0.0","1.0","0.0","0.0","0.0","1.0","0.0","1.0","1.0","1.0","1.0","0.0","0.0","1.0","1.0","0.0","1.0","0.0","0.0","0.0","0.0","1.0","0.0","1.0","1.0","0.0","1.0","1.0","0.0","1.0","0.0","0.0","1.0","0.0","1.0","1.0","1.0","1.0","0.0","0.0","1.0","0.0","1.0","1.0","0.0","0.0","1.0","1.0","0.0","0.0","1.0","1.0","0.0","0.0","1.0","0.0","0.0","1.0","1.0","1.0","1.0","1.0","0.0","1.0","0.0","0.0","0.0","1.0","1.0","0.0","1.0","1.0","0.0","1.0","0.0","0.0","1.0","0.0","1.0","1.0","0.0","1.0","0.0","1.0","1.0","1.0","1.0","0.0","0.0","0.0","1.0","1.0","1.0","1.0","1.0","0.0","0.0","0.5172729130692754","0.48855915657946114","0.5201485974957978","0.3191860803183525","0.22171761287237846","0.3965845527100987"
"0.0","1.0","0.0","1.0","1.0","0.0","0.0","1.0","1.0","0.0","0.0","1.0","0.0","1.0","0.0","0.0","1.0","1.0","0.0","0.0","0.0","0.0","0.0","1.0","0.0","1.0","1.0","0.0","0.0","0.0","1.0","0.0","0.0","1.0","1.0","1.0","1.0","0.0","0.0","1.0","0.0","0.0","0.0","0.0","0.0","1.0","1.0","1.0","1.0","1.0","1.0","0.0","1.0","1.0","1.0","1.0","1.0","1.0","1.0","0.0","0.0","1.0","1.0","0.0","1.0","1.0","1.0","0.0","0.0","0.0","0.0","0.0","1.0","0.0","1.0","1.0","0.0","1.0","1.0","1.0","1.0","1.0","1.0","1.0","1.0","0.0","1.0","0.0","0.0","0.0","1.0","0.0","1.0","1.0","0.0","0.0","1.0","1.0","0.0","0.0","0.0","1.0","1.0","1.0","0.0","1.0","1.0","0.0","1.0","1.0","1.0","1.0","1.0","1.0","1.0","1.0","0.0","1.0","1.0","0.0","1.0","0.0","1.0","1.0","0.0","1.0","0.0","0.0","1.0","1.0","1.0","1.0","0.0","1.0","1.0","0.0","1.0","0.0","0.0","1.0","1.0","0.0","1.0","0.0","0.0","1.0","0.0","1.0","0.0","0.0","0.0","0.0","1.0","0.0","1.0","0.0","0.0","0.0","0.0","0.0","0.0","0.0","0.0","1.0","1.0","0.0","0.0","0.0","0.0","0.0","0.0","0.0","0.0","0.0","0.0","0.0","0.0","0.0","0.0","0.0","0.0","0.0","1.0","1.0","1.0","0.0","1.0","0.0","0.0","0.0","0.0","0.0","0.0","1.0","0.0","1.0","0.0","1.0","1.0","1.0","0.0","1.0","1.0","0.0","0.0","0.0","1.0","1.0","0.0","0.0","1.0","1.0","1.0","0.0","0.0","1.0","0.0","0.0","1.0","0.0","1.0","1.0","0.0","0.0","1.0","1.0","1.0","0.0","0.0","1.0","0.0","0.0","0.0","1.0","0.0","0.0","0.0","1.0","0.0","1.0","1.0","0.0","1.0","0.0","0.0","1.0","1.0","0.0","0.0","0.0","1.0","1.0","0.0","0.0","1.0","0.0","0.0","1.0","1.0","1.0","1.0","0.0","1.0","0.0","1.0","1.0","0.0","1.0","0.0","1.0","1.0","0.0","1.0","1.0","1.0","1.0","0.0","0.0","0.0","1.0","0.0","1.0","1.0","1.0","0.0","1.0","0.0","0.0","0.0","1.0","1.0","0.0","1.0","1.0","1.0","1.0","0.0","0.0","1.0","1.0","1.0","0.0","0.0","0.0","0.0","1.0","1.0","1.0","0.0","0.0","1.0","1.0","1.0","1.0","0.0","1.0","1.0","0.0","0.0","1.0","0.0","1.0","1.0","1.0","0.0","0.0","1.0","1.0","0.0","1.0","1.0","0.0","0.0","0.0","1.0","1.0","0.0","1.0","1.0","0.0","1.0","1.0","1.0","0.0","0.0","0.0","1.0","1.0","0.0","0.0","1.0","1.0","1.0","1.0","0.0","1.0","1.0","1.0","0.0","1.0","0.0","0.0","0.0","1.0","1.0","0.0","0.0","0.0","1.0","1.0","1.0","1.0","1.0","1.0","0.0","1.0","0.0","0.0","0.0","1.0","0.0","0.0","0.0","1.0","1.0","0.0","0.0","1.0","1.0","0.0","1.0","1.0","0.0","1.0","0.0","0.0","1.0","1.0","0.0","0.0","0.0","1.0","1.0","0.0","0.0","0.0","1.0","0.0","1.0","1.0","1.0","1.0","0.0","0.0","0.0","1.0","0.0","1.0","1.0","1.0","1.0","1.0","0.0","1.0","0.0","0.0","0.0","0.0","0.0","0.0","1.0","1.0","1.0","0.0","1.0","1.0","0.0","0.0","1.0","0.0","0.0","1.0","0.0","0.0","0.0","1.0","0.0","1.0","0.0","0.0","0.0","0.0","1.0","1.0","0.0","0.0","0.0","1.0","0.0","0.0","0.0","0.0","0.0","0.0","1.0","1.0","1.0","0.0","1.0","0.0","0.0","0.0","0.0","0.0","1.0","0.0","1.0","1.0","1.0","0.0","1.0","0.0","0.0","0.0","1.0","1.0","0.0","1.0","1.0","1.0","0.0","0.0","1.0","0.0","1.0","1.0","0.0","0.0","1.0","0.0","0.0","0.0","1.0","1.0","1.0","1.0","0.0","0.0","1.0","1.0","0.0","0.0","1.0","0.0","0.0","1.0","1.0","0.0","0.0","0.0","1.0","1.0","0.0","1.0","1.0","1.0","0.0","0.0","0.0","0.0","0.0","1.0","0.0","0.0","1.0","1.0","1.0","0.0","0.0","1.0","0.0","1.0","0.0","1.0","1.0","1.0","1.0","1.0","0.0","0.0","0.0","1.0","0.0","1.0","1.0","1.0","0.0","1.0","0.0","1.0","1.0","1.0","1.0","0.0","1.0","1.0","1.0","1.0","1.0","0.47347799891062997","0.5239694315836447","0.4585815602291996","0.3189772052988322","0.2306509655732605","0.589867349975063"
"1.0","0.0","0.0","1.0","0.0","1.0","0.0","0.0","1.0","1.0","0.0","0.0","0.0","0.0","1.0","0.0","1.0","0.0","0.0","1.0","0.0","1.0","1.0","1.0","1.0","0.0","1.0","1.0","0.0","0.0","1.0","0.0","0.0","1.0","1.0","1.0","0.0","1.0","1.0","0.0","1.0","0.0","0.0","1.0","0.0","0.0","1.0","1.0","1.0","1.0","0.0","1.0","0.0","1.0","0.0","0.0","0.0","1.0","0.0","1.0","0.0","0.0","1.0","0.0","1.0","1.0","0.0","0.0","0.0","0.0","1.0","0.0","1.0","1.0","0.0","1.0","1.0","0.0","0.0","1.0","1.0","0.0","0.0","0.0","0.0","1.0","0.0","1.0","0.0","1.0","1.0","0.0","0.0","0.0","0.0","0.0","0.0","1.0","0.0","1.0","0.0","1.0","0.0","0.0","0.0","1.0","1.0","1.0","0.0","0.0","0.0","1.0","0.0","0.0","0.0","1.0","0.0","0.0","0.0","1.0","1.0","0.0","1.0","1.0","1.0","1.0","1.0","0.0","1.0","0.0","1.0","0.0","0.0","1.0","0.0","0.0","0.0","0.0","0.0","1.0","1.0","0.0","1.0","1.0","0.0","0.0","1.0","1.0","1.0","1.0","1.0","0.0","1.0","1.0","1.0","0.0","0.0","0.0","1.0","1.0","1.0","0.0","0.0","0.0","0.0","0.0","0.0","1.0","0.0","0.0","0.0","0.0","0.0","0.0","1.0","1.0","1.0","0.0","0.0","1.0","1.0","1.0","0.0","1.0","1.0","0.0","0.0","1.0","1.0","0.0","0.0","1.0","0.0","1.0","1.0","0.0","0.0","0.0","0.0","1.0","1.0","1.0","0.0","1.0","1.0","1.0","0.0","1.0","0.0","0.0","0.0","0.0","0.0","1.0","1.0","1.0","1.0","1.0","1.0","1.0","1.0","1.0","1.0","1.0","1.0","0.0","1.0","0.0","0.0","1.0","0.0","0.0","0.0","1.0","0.0","0.0","1.0","0.0","1.0","1.0","1.0","1.0","1.0","1.0","1.0","0.0","0.0","0.0","1.0","1.0","1.0","0.0","1.0","1.0","0.0","1.0","1.0","1.0","1.0","0.0","0.0","0.0","1.0","1.0","1.0","0.0","1.0","1.0","0.0","0.0","0.0","0.0","1.0","1.0","0.0","1.0","1.0","1.0","0.0","1.0","0.0","1.0","1.0","1.0","0.0","0.0","1.0","1.0","0.0","1.0","0.0","0.0","1.0","0.0","1.0","0.0","1.0","1.0","0.0","1.0","0.0","1.0","0.0","1.0","1.0","0.0","0.0","0.0","1.0","0.0","1.0","1.0","0.0","0.0","1.0","1.0","0.0","1.0","0.0","1.0","0.0","1.0","0.0","1.0","0.0","0.0","0.0","1.0","1.0","0.0","0.0","0.0","1.0","0.0","1.0","0.0","1.0","0.0","0.0","0.0","0.0","1.0","0.0","1.0","0.0","0.0","1.0","0.0","1.0","0.0","0.0","1.0","0.0","0.0","0.0","1.0","0.0","0.0","0.0","1.0","1.0","1.0","0.0","0.0","1.0","0.0","1.0","0.0","1.0","0.0","0.0","0.0","1.0","1.0","0.0","0.0","0.0","0.0","0.0","0.0","1.0","0.0","1.0","0.0","1.0","0.0","1.0","0.0","0.0","1.0","1.0","1.0","1.0","0.0","1.0","0.0","0.0","1.0","0.0","1.0","1.0","1.0","1.0","1.0","1.0","1.0","1.0","0.0","1.0","1.0","1.0","0.0","1.0","1.0","0.0","1.0","0.0","1.0","0.0","1.0","0.0","0.0","1.0","1.0","1.0","1.0","0.0","1.0","0.0","1.0","0.0","1.0","0.0","1.0","1.0","1.0","0.0","1.0","1.0","0.0","0.0","0.0","0.0","1.0","1.0","1.0","1.0","0.0","0.0","1.0","1.0","1.0","1.0","0.0","1.0","0.0","0.0","0.0","0.0","1.0","0.0","0.0","0.0","1.0","0.0","1.0","1.0","0.0","1.0","0.0","0.0","0.0","1.0","0.0","0.0","0.0","0.0","0.0","0.0","1.0","0.0","0.0","0.0","1.0","1.0","0.0","1.0","1.0","1.0","0.0","0.0","1.0","1.0","1.0","1.0","0.0","1.0","1.0","1.0","0.0","0.0","0.0","0.0","1.0","0.0","1.0","0.0","0.0","0.0","1.0","1.0","1.0","0.0","1.0","1.0","0.0","0.0","1.0","0.0","1.0","0.0","1.0","1.0","0.0","0.0","1.0","0.0","0.0","1.0","0.0","0.0","1.0","1.0","1.0","1.0","0.0","1.0","1.0","0.0","1.0","0.0","0.0","0.0","0.0","0.0","0.0","0.0","1.0","0.0","0.0","1.0","0.0","0.0","0.0","1.0","1.0","0.0","0.0","1.0","0.0","1.0","0.0","0.0","0.0","0.0","0.0","1.0","0.0","1.0","0.4565890932463177","0.5342667484799464","0.5356788339524958","0.30509693684529116","0.2139916311051186","0.5372178534234312"
"0.0","0.0","0.0","1.0","1.0","0.0","0.0","0.0","1.0","1.0","1.0","1.0","0.0","0.0","0.0","0.0","0.0","0.0","1.0","1.0","1.0","0.0","0.0","0.0","1.0","1.0","0.0","0.0","1.0","0.0","0.0","1.0","0.0","1.0","1.0","1.0","1.0","0.0","1.0","1.0","1.0","1.0","0.0","0.0","0.0","0.0","1.0","0.0","1.0","1.0","1.0","1.0","1.0","1.0","1.0","0.0","1.0","0.0","0.0","1.0","0.0","1.0","0.0","0.0","1.0","1.0","1.0","1.0","1.0","1.0","1.0","0.0","1.0","0.0","0.0","1.0","0.0","0.0","0.0","1.0","0.0","0.0","1.0","1.0","0.0","0.0","1.0","0.0","0.0","0.0","1.0","1.0","1.0","0.0","1.0","0.0","1.0","1.0","0.0","1.0","1.0","1.0","1.0","1.0","0.0","0.0","1.0","1.0","0.0","0.0","1.0","0.0","0.0","0.0","0.0","0.0","0.0","1.0","0.0","0.0","1.0","0.0","1.0","1.0","1.0","1.0","0.0","0.0","0.0","0.0","1.0","0.0","0.0","0.0","0.0","1.0","0.0","0.0","1.0","1.0","0.0","0.0","1.0","0.0","0.0","1.0","1.0","1.0","0.0","1.0","1.0","0.0","1.0","0.0","1.0","0.0","1.0","0.0","1.0","1.0","1.0","0.0","1.0","0.0","0.0","1.0","0.0","0.0","0.0","1.0","0.0","0.0","1.0","1.0","1.0","1.0","1.0","1.0","0.0","1.0","1.0","1.0","1.0","0.0","1.0","0.0","0.0","1.0","0.0","1.0","0.0","1.0","1.0","1.0","0.0","1.0","0.0","0.0","0.0","0.0","1.0","1.0","1.0","0.0","1.0","0.0","1.0","0.0","0.0","0.0","1.0","0.0","1.0","0.0","1.0","1.0","0.0","0.0","1.0","1.0","0.0","1.0","0.0","0.0","0.0","1.0","1.0","0.0","1.0","0.0","0.0","1.0","1.0","1.0","0.0","1.0","1.0","1.0","1.0","0.0","0.0","1.0","0.0","0.0","0.0","1.0","0.0","1.0","1.0","0.0","0.0","0.0","1.0","1.0","0.0","0.0","1.0","0.0","1.0","1.0","1.0","1.0","0.0","0.0","1.0","0.0","0.0","1.0","0.0","1.0","0.0","0.0","1.0","0.0","1.0","0.0","1.0","0.0","1.0","1.0","0.0","0.0","0.0","1.0","0.0","0.0","1.0","0.0","1.0","0.0","1.0","0.0","1.0","0.0","0.0","0.0","1.0","0.0","1.0","0.0","1.0","1.0","0.0","0.0","1.0","1.0","0.0","1.0","1.0","0.0","0.0","1.0","0.0","0.0","0.0","1.0","1.0","1.0","0.0","0.0","0.0","1.0","1.0","0.0","1.0","1.0","1.0","0.0","0.0","1.0","1.0","1.0","1.0","1.0","0.0","1.0","1.0","1.0","1.0","1.0","1.0","0.0","0.0","0.0","0.0","1.0","0.0","1.0","1.0","0.0","0.0","1.0","0.0","0.0","1.0","1.0","0.0","0.0","0.0","1.0","1.0","0.0","0.0","0.0","0.0","0.0","0.0","1.0","1.0","0.0","1.0","1.0","1.0","1.0","0.0","1.0","1.0","0.0","0.0","0.0","0.0","1.0","0.0","1.0","1.0","0.0","0.0","1.0","0.0","0.0","1.0","0.0","0.0","1.0","0.0","1.0","0.0","0.0","1.0","1.0","1.0","1.0","0.0","0.0","1.0","1.0","1.0","0.0","1.0","1.0","1.0","0.0","1.0","1.0","0.0","0.0","0.0","0.0","1.0","1.0","1.0","0.0","0.0","1.0","0.0","1.0","0.0","0.0","0.0","1.0","0.0","1.0","0.0","0.0","0.0","0.0","0.0","0.0","1.0","0.0","1.0","0.0","1.0","0.0","0.0","0.0","1.0","0.0","1.0","1.0","1.0","1.0","1.0","1.0","1.0","1.0","1.0","0.0","0.0","1.0","1.0","0.0","1.0","0.0","0.0","0.0","1.0","1.0","0.0","0.0","1.0","1.0","1.0","0.0","1.0","1.0","1.0","1.0","0.0","0.0","1.0","1.0","1.0","1.0","1.0","1.0","0.0","0.0","1.0","1.0","1.0","1.0","0.0","1.0","0.0","1.0","0.0","1.0","0.0","1.0","0.0","1.0","0.0","0.0","0.0","0.0","0.0","1.0","1.0","0.0","1.0","1.0","0.0","1.0","1.0","1.0","0.0","1.0","1.0","1.0","0.0","0.0","1.0","0.0","1.0","1.0","1.0","1.0","1.0","0.0","0.0","1.0","1.0","1.0","0.0","0.0","1.0","0.0","1.0","0.0","0.0","0.0","1.0","0.0","1.0","0.0","1.0","0.0","0.0","1.0","0.0","0.0","0.0","0.0","1.0","1.0","0.0","1.0","1.0","0.0","1.0","1.0","0.0","0.0","0.0","1.0","0.0","0.0","0.0","0.528652283131333","0.4783622468901657","0.5240198286246438","0.3039693018373733","0.22868416544508008","0.551783058517112"
"0.0","0.0","0.0","1.0","1.0","1.0","0.0","0.0","1.0","1.0","0.0","0.0","1.0","0.0","0.0","1.0","1.0","0.0","1.0","0.0","0.0","1.0","1.0","1.0","0.0","0.0","1.0","1.0","0.0","0.0","0.0","0.0","1.0","0.0","0.0","0.0","1.0","0.0","0.0","0.0","1.0","0.0","0.0","1.0","1.0","0.0","0.0","1.0","1.0","1.0","0.0","0.0","0.0","1.0","0.0","0.0","0.0","0.0","0.0","0.0","1.0","0.0","0.0","1.0","1.0","0.0","0.0","1.0","1.0","1.0","1.0","0.0","0.0","1.0","1.0","0.0","1.0","1.0","0.0","0.0","0.0","1.0","0.0","1.0","1.0","1.0","1.0","0.0","1.0","0.0","1.0","1.0","1.0","0.0","0.0","1.0","0.0","0.0","1.0","0.0","1.0","0.0","1.0","1.0","1.0","1.0","1.0","1.0","1.0","0.0","0.0","0.0","1.0","1.0","0.0","0.0","1.0","0.0","0.0","1.0","0.0","0.0","0.0","1.0","1.0","0.0","0.0","0.0","0.0","0.0","0.0","1.0","1.0","0.0","1.0","0.0","1.0","0.0","1.0","0.0","1.0","1.0","1.0","0.0","1.0","0.0","1.0","1.0","0.0","0.0","1.0","1.0","0.0","1.0","1.0","0.0","1.0","1.0","0.0","0.0","0.0","1.0","1.0","0.0","0.0","0.0","0.0","0.0","0.0","0.0","1.0","1.0","1.0","0.0","0.0","1.0","0.0","0.0","0.0","0.0","1.0","0.0","1.0","1.0","1.0","0.0","0.0","0.0","1.0","0.0","0.0","1.0","0.0","0.0","0.0","1.0","0.0","1.0","0.0","1.0","1.0","0.0","1.0","1.0","1.0","0.0","0.0","0.0","1.0","0.0","1.0","0.0","0.0","1.0","1.0","1.0","1.0","1.0","1.0","0.0","1.0","0.0","1.0","1.0","0.0","0.0","0.0","1.0","0.0","1.0","0.0","0.0","0.0","1.0","0.0","0.0","1.0","0.0","1.0","1.0","1.0","1.0","1.0","1.0","1.0","0.0","0.0","0.0","1.0","1.0","1.0","0.0","1.0","0.0","0.0","1.0","1.0","1.0","1.0","0.0","0.0","0.0","1.0","1.0","1.0","0.0","1.0","1.0","0.0","0.0","0.0","0.0","1.0","1.0","0.0","1.0","1.0","1.0","0.0","1.0","0.0","1.0","1.0","1.0","0.0","0.0","1.0","1.0","0.0","1.0","0.0","0.0","1.0","0.0","1.0","0.0","1.0","1.0","0.0","1.0","0.0","1.0","0.0","1.0","1.0","0.0","0.0","0.0","1.0","0.0","1.0","1.0","0.0","0.0","1.0","1.0","0.0","1.0","0.0","1.0","0.0","1.0","0.0","1.0","0.0","0.0","0.0","1.0","1.0","0.0","0.0","0.0","1.0","0.0","1.0","0.0","1.0","0.0","0.0","0.0","0.0","1.0","0.0","1.0","0.0","0.0","1.0","0.0","1.0","0.0","0.0","1.0","0.0","0.0","0.0","1.0","0.0","0.0","0.0","1.0","1.0","1.0","0.0","0.0","1.0","0.0","1.0","0.0","1.0","0.0","0.0","0.0","1.0","1.0","0.0","0.0","0.0","0.0","0.0","0.0","1.0","0.0","1.0","0.0","1.0","0.0","1.0","0.0","0.0","1.0","1.0","1.0","1.0","0.0","1.0","0.0","0.0","1.0","0.0","1.0","1.0","1.0","1.0","1.0","1.0","1.0","1.0","0.0","1.0","1.0","1.0","0.0","1.0","1.0","0.0","1.0","0.0","1.0","0.0","1.0","0.0","0.0","1.0","1.0","1.0","1.0","0.0","1.0","0.0","1.0","0.0","1.0","0.0","1.0","1.0","1.0","0.0","1.0","1.0","0.0","0.0","0.0","0.0","1.0","1.0","1.0","1.0","0.0","0.0","1.0","1.0","1.0","1.0","0.0","1.0","0.0","0.0","0.0","0.0","1.0","0.0","0.0","0.0","1.0","0.0","1.0","1.0","0.0","1.0","0.0","0.0","0.0","1.0","0.0","0.0","0.0","0.0","0.0","0.0","1.0","0.0","0.0","0.0","1.0","1.0","0.0","1.0","1.0","1.0","0.0","0.0","1.0","1.0","1.0","1.0","0.0","1.0","1.0","1.0","0.0","0.0","0.0","0.0","1.0","0.0","1.0","0.0","0.0","0.0","1.0","1.0","1.0","0.0","1.0","1.0","0.0","0.0","1.0","0.0","1.0","0.0","1.0","1.0","0.0","0.0","1.0","0.0","0.0","1.0","0.0","0.0","1.0","1.0","1.0","1.0","0.0","1.0","1.0","0.0","1.0","0.0","0.0","0.0","0.0","0.0","0.0","0.0","1.0","0.0","0.0","1.0","0.0","0.0","0.0","1.0","1.0","0.0","0.0","1.0","0.0","1.0","0.0","0.0","0.0","0.0","0.0","1.0","0.0","1.0","0.461949481016085","0.5177441847492609","0.5167563761536973","0.3079917738562344","0.19697114818558276","0.570890381170349"
"1.0","0.0","1.0","1.0","0.0","0.0","0.0","1.0","0.0","1.0","1.0","0.0","1.0","1.0","0.0","1.0","0.0","1.0","0.0","1.0","0.0","0.0","0.0","0.0","1.0","1.0","1.0","0.0","1.0","1.0","0.0","0.0","1.0","0.0","1.0","1.0","0.0","0.0","0.0","1.0","1.0","0.0","1.0","1.0","0.0","1.0","0.0","1.0","1.0","1.0","1.0","1.0","0.0","0.0","1.0","0.0","1.0","1.0","0.0","1.0","1.0","1.0","0.0","1.0","1.0","1.0","1.0","0.0","0.0","0.0","1.0","0.0","0.0","1.0","0.0","0.0","0.0","0.0","1.0","0.0","1.0","1.0","0.0","0.0","1.0","0.0","1.0","0.0","1.0","1.0","0.0","1.0","1.0","0.0","0.0","0.0","1.0","1.0","1.0","0.0","0.0","1.0","1.0","0.0","0.0","0.0","1.0","0.0","0.0","1.0","0.0","1.0","0.0","0.0","1.0","1.0","0.0","0.0","0.0","0.0","0.0","1.0","0.0","1.0","1.0","0.0","0.0","1.0","0.0","0.0","0.0","1.0","1.0","0.0","1.0","0.0","1.0","1.0","1.0","1.0","1.0","1.0","1.0","0.0","1.0","1.0","1.0","1.0","0.0","1.0","1.0","1.0","0.0","0.0","1.0","0.0","0.0","0.0","1.0","0.0","1.0","1.0","0.0","1.0","0.0","1.0","1.0","1.0","0.0","0.0","0.0","1.0","0.0","0.0","0.0","0.0","0.0","1.0","1.0","1.0","0.0","1.0","0.0","0.0","1.0","0.0","0.0","1.0","1.0","0.0","1.0","0.0","1.0","1.0","1.0","1.0","0.0","1.0","0.0","0.0","0.0","0.0","0.0","1.0","0.0","0.0","0.0","0.0","1.0","0.0","0.0","0.0","1.0","1.0","0.0","0.0","0.0","1.0","1.0","0.0","1.0","0.0","0.0","1.0","1.0","0.0","1.0","1.0","0.0","0.0","0.0","1.0","0.0","0.0","1.0","0.0","0.0","1.0","0.0","0.0","0.0","1.0","1.0","1.0","1.0","0.0","1.0","0.0","0.0","0.0","1.0","1.0","1.0","0.0","0.0","0.0","1.0","0.0","0.0","0.0","1.0","1.0","0.0","0.0","0.0","0.0","0.0","1.0","1.0","1.0","0.0","1.0","1.0","1.0","0.0","0.0","1.0","1.0","1.0","0.0","1.0","1.0","0.0","1.0","1.0","0.0","1.0","1.0","1.0","0.0","1.0","0.0","1.0","1.0","0.0","0.0","0.0","0.0","0.0","1.0","0.0","0.0","0.0","0.0","1.0","1.0","0.0","0.0","1.0","0.0","0.0","0.0","1.0","0.0","0.0","1.0","0.0","0.0","1.0","0.0","1.0","0.0","0.0","0.0","0.0","1.0","0.0","0.0","1.0","1.0","1.0","0.0","1.0","1.0","0.0","1.0","1.0","1.0","0.0","0.0","1.0","1.0","0.0","0.0","1.0","1.0","0.0","1.0","0.0","1.0","0.0","1.0","0.0","0.0","1.0","0.0","0.0","1.0","1.0","0.0","0.0","1.0","1.0","1.0","0.0","1.0","1.0","0.0","1.0","0.0","1.0","1.0","0.0","1.0","1.0","1.0","1.0","0.0","1.0","1.0","0.0","1.0","1.0","0.0","0.0","1.0","1.0","0.0","0.0","0.0","1.0","0.0","1.0","0.0","1.0","0.0","0.0","0.0","1.0","1.0","0.0","0.0","0.0","1.0","1.0","1.0","0.0","1.0","0.0","0.0","1.0","0.0","0.0","1.0","0.0","1.0","0.0","1.0","1.0","0.0","1.0","1.0","1.0","0.0","0.0","1.0","0.0","1.0","0.0","0.0","1.0","1.0","0.0","0.0","0.0","0.0","0.0","0.0","1.0","0.0","1.0","1.0","0.0","1.0","0.0","1.0","0.0","1.0","0.0","0.0","0.0","1.0","1.0","0.0","0.0","0.0","1.0","1.0","0.0","0.0","1.0","0.0","0.0","1.0","0.0","0.0","1.0","0.0","0.0","1.0","0.0","1.0","1.0","1.0","1.0","0.0","0.0","0.0","0.0","0.0","1.0","1.0","1.0","1.0","0.0","0.0","1.0","1.0","0.0","1.0","1.0","0.0","0.0","1.0","1.0","0.0","0.0","0.0","0.0","0.0","1.0","1.0","0.0","1.0","0.0","1.0","1.0","0.0","1.0","0.0","1.0","0.0","0.0","1.0","1.0","0.0","1.0","1.0","1.0","0.0","1.0","1.0","0.0","0.0","1.0","0.0","1.0","1.0","1.0","0.0","0.0","1.0","0.0","1.0","0.0","0.0","0.0","1.0","0.0","0.0","1.0","1.0","0.0","1.0","1.0","1.0","0.0","1.0","1.0","1.0","0.0","1.0","1.0","0.0","0.0","1.0","1.0","0.0","0.0","0.0","1.0","1.0","1.0","0.0","0.0","0.0","0.0","1.0","0.0","0.445152827578927","0.5263680481954593","0.5104042159111206","0.3306643330640807","0.24312679899103154","0.4689150080376514"
"0.0","0.0","0.0","1.0","1.0","1.0","0.0","0.0","1.0","1.0","0.0","0.0","1.0","0.0","0.0","1.0","1.0","0.0","1.0","0.0","0.0","1.0","1.0","1.0","0.0","0.0","1.0","1.0","0.0","0.0","0.0","0.0","1.0","0.0","0.0","0.0","1.0","0.0","0.0","0.0","1.0","0.0","0.0","1.0","1.0","0.0","0.0","1.0","1.0","1.0","0.0","0.0","0.0","1.0","0.0","0.0","0.0","0.0","0.0","0.0","1.0","0.0","0.0","1.0","1.0","0.0","0.0","1.0","1.0","1.0","1.0","0.0","0.0","1.0","1.0","0.0","1.0","1.0","0.0","0.0","0.0","1.0","0.0","1.0","1.0","1.0","1.0","0.0","1.0","0.0","0.0","1.0","1.0","0.0","0.0","1.0","0.0","0.0","1.0","0.0","1.0","0.0","1.0","1.0","1.0","1.0","1.0","1.0","1.0","0.0","0.0","0.0","1.0","1.0","0.0","0.0","1.0","0.0","0.0","1.0","0.0","0.0","0.0","1.0","1.0","0.0","0.0","0.0","0.0","0.0","0.0","1.0","1.0","0.0","1.0","0.0","1.0","0.0","1.0","0.0","1.0","1.0","1.0","0.0","1.0","0.0","1.0","1.0","0.0","0.0","1.0","1.0","0.0","1.0","1.0","0.0","1.0","1.0","0.0","0.0","0.0","1.0","1.0","0.0","0.0","0.0","0.0","0.0","0.0","0.0","1.0","1.0","1.0","0.0","0.0","1.0","0.0","0.0","0.0","0.0","1.0","0.0","1.0","1.0","1.0","0.0","0.0","0.0","1.0","0.0","0.0","1.0","0.0","0.0","0.0","1.0","0.0","1.0","0.0","1.0","1.0","0.0","1.0","1.0","1.0","0.0","0.0","0.0","1.0","0.0","1.0","0.0","0.0","1.0","1.0","1.0","1.0","1.0","1.0","0.0","1.0","0.0","1.0","1.0","0.0","0.0","0.0","1.0","0.0","1.0","0.0","1.0","1.0","1.0","0.0","1.0","0.0","1.0","1.0","0.0","0.0","0.0","1.0","0.0","0.0","0.0","1.0","0.0","0.0","1.0","1.0","0.0","1.0","0.0","1.0","0.0","1.0","0.0","1.0","0.0","1.0","0.0","1.0","1.0","1.0","1.0","0.0","1.0","1.0","1.0","0.0","0.0","1.0","1.0","0.0","1.0","0.0","1.0","0.0","1.0","0.0","1.0","1.0","1.0","0.0","0.0","0.0","0.0","0.0","1.0","0.0","1.0","0.0","0.0","0.0","1.0","1.0","0.0","0.0","0.0","1.0","1.0","0.0","1.0","1.0","1.0","0.0","0.0","0.0","0.0","1.0","1.0","1.0","0.0","1.0","1.0","1.0","0.0","1.0","1.0","1.0","1.0","0.0","0.0","0.0","0.0","1.0","0.0","1.0","0.0","0.0","1.0","1.0","0.0","0.0","1.0","1.0","1.0","1.0","1.0","1.0","1.0","1.0","1.0","1.0","0.0","0.0","0.0","1.0","1.0","0.0","0.0","1.0","1.0","0.0","0.0","0.0","1.0","1.0","0.0","0.0","1.0","1.0","1.0","1.0","0.0","1.0","1.0","0.0","0.0","0.0","0.0","0.0","0.0","1.0","0.0","0.0","0.0","1.0","0.0","1.0","1.0","0.0","0.0","0.0","0.0","0.0","1.0","0.0","1.0","1.0","1.0","0.0","1.0","1.0","1.0","1.0","1.0","1.0","0.0","1.0","0.0","1.0","1.0","0.0","1.0","1.0","1.0","0.0","0.0","0.0","1.0","0.0","1.0","1.0","0.0","0.0","0.0","0.0","0.0","0.0","0.0","1.0","1.0","1.0","1.0","1.0","0.0","0.0","1.0","0.0","0.0","0.0","0.0","0.0","0.0","0.0","0.0","1.0","1.0","1.0","0.0","0.0","1.0","0.0","1.0","1.0","1.0","1.0","0.0","1.0","1.0","0.0","1.0","0.0","1.0","1.0","1.0","0.0","0.0","0.0","0.0","0.0","1.0","0.0","0.0","0.0","1.0","0.0","1.0","0.0","1.0","0.0","0.0","0.0","0.0","1.0","1.0","1.0","1.0","0.0","0.0","1.0","0.0","0.0","0.0","0.0","0.0","0.0","1.0","0.0","0.0","1.0","0.0","0.0","0.0","1.0","0.0","1.0","1.0","1.0","0.0","0.0","1.0","1.0","0.0","0.0","1.0","0.0","1.0","0.0","0.0","1.0","0.0","1.0","0.0","0.0","0.0","0.0","1.0","0.0","0.0","1.0","1.0","0.0","1.0","1.0","0.0","0.0","1.0","0.0","0.0","1.0","1.0","1.0","0.0","1.0","1.0","1.0","1.0","1.0","1.0","0.0","0.0","1.0","1.0","1.0","0.0","1.0","0.0","1.0","1.0","1.0","1.0","1.0","0.0","1.0","0.0","0.0","1.0","1.0","0.0","0.0","0.0","0.0","0.0","1.0","0.0","1.0","0.5298778267644325","0.48647291794499914","0.4843289675788697","0.33211741535281986","0.24894841191798728","0.5570618898609833"
