"86","3"
"1.0","0.0","1.0","1.0","1.0","1.0","0.0","0.0","1.0","0.0","0.0","0.0","0.0","1.0","0.0","0.0","0.0","1.0","0.0","0.0","0.0","0.0","0.0","1.0","1.0","1.0","0.0","0.0","0.0","0.0","1.0","1.0","1.0","1.0","1.0","0.0","1.0","1.0","1.0","1.0","1.0","0.0","1.0","0.0","0.0","1.0","0.0","0.0","0.0","1.0","0.0","1.0","0.0","1.0","0.0","0.0","0.0","1.0","0.0","0.0","0.0","1.0","1.0","1.0","1.0","1.0","1.0","1.0","0.0","0.0","0.0","1.0","0.0","1.0","1.0","0.0","0.0","0.0","0.0","0.0","0.0","0.0","0.0","0.0","0.0","1.0","0.18598743835839238","0.3525606709625958","0.07236096426700601"
"1.0","0.0","1.0","1.0","0.0","1.0","0.0","1.0","1.0","1.0","1.0","1.0","0.0","1.0","1.0","1.0","1.0","1.0","0.0","0.0","1.0","1.0","0.0","1.0","1.0","1.0","0.0","0.0","0.0","0.0","0.0","0.0","1.0","0.0","1.0","0.0","1.0","1.0","1.0","1.0","1.0","0.0","1.0","0.0","0.0","1.0","0.0","0.0","0.0","1.0","0.0","0.0","0.0","1.0","0.0","0.0","0.0","1.0","0.0","1.0","0.0","1.0","1.0","1.0","1.0","1.0","0.0","1.0","0.0","0.0","0.0","1.0","0.0","1.0","1.0","0.0","0.0","0.0","0.0","0.0","0.0","0.0","0.0","0.0","0.0","1.0","0.17660173054544323","0.34961384393358885","0.08161088125057042"
"1.0","0.0","1.0","1.0","1.0","1.0","1.0","0.0","1.0","1.0","1.0","1.0","0.0","1.0","1.0","1.0","0.0","1.0","0.0","0.0","1.0","0.0","1.0","1.0","1.0","1.0","1.0","0.0","0.0","0.0","1.0","1.0","1.0","1.0","1.0","0.0","1.0","1.0","1.0","1.0","1.0","0.0","0.0","1.0","0.0","1.0","1.0","1.0","0.0","1.0","0.0","1.0","0.0","1.0","0.0","0.0","0.0","1.0","0.0","0.0","0.0","1.0","1.0","0.0","1.0","1.0","0.0","1.0","0.0","0.0","0.0","1.0","0.0","1.0","0.0","0.0","1.0","0.0","0.0","0.0","0.0","0.0","0.0","1.0","0.0","1.0","0.284571171416261","0.2849867734684903","0.01566302763521881"
"1.0","0.0","0.0","1.0","1.0","1.0","1.0","1.0","1.0","1.0","1.0","1.0","0.0","1.0","0.0","1.0","0.0","1.0","0.0","0.0","1.0","1.0","0.0","1.0","1.0","1.0","0.0","0.0","0.0","0.0","0.0","1.0","1.0","0.0","1.0","0.0","1.0","1.0","1.0","1.0","1.0","0.0","1.0","0.0","0.0","1.0","0.0","1.0","1.0","0.0","0.0","1.0","0.0","1.0","0.0","0.0","0.0","1.0","0.0","1.0","0.0","1.0","1.0","1.0","1.0","1.0","0.0","1.0","0.0","0.0","0.0","1.0","0.0","1.0","1.0","0.0","0.0","0.0","0.0","0.0","0.0","0.0","0.0","0.0","0.0","1.0","0.1752849633980876","0.36077411380023294","0.08173752450284279"
"1.0","0.0","1.0","1.0","1.0","0.0","0.0","1.0","1.0","1.0","1.0","1.0","0.0","1.0","1.0","0.0","0.0","1.0","0.0","0.0","1.0","1.0","0.0","1.0","1.0","1.0","0.0","0.0","0.0","0.0","1.0","1.0","1.0","1.0","1.0","1.0","1.0","1.0","1.0","1.0","1.0","0.0","1.0","0.0","0.0","1.0","0.0","1.0","1.0","1.0","0.0","1.0","0.0","1.0","1.0","0.0","0.0","1.0","0.0","0.0","0.0","1.0","1.0","0.0","1.0","1.0","0.0","1.0","0.0","0.0","0.0","1.0","0.0","1.0","1.0","0.0","1.0","0.0","0.0","0.0","0.0","0.0","1.0","1.0","0.0","1.0","0.24044200860708329","0.29730740612816997","0.055690578759896456"
"1.0","0.0","1.0","1.0","1.0","1.0","1.0","1.0","1.0","0.0","1.0","1.0","0.0","1.0","1.0","1.0","1.0","1.0","0.0","1.0","1.0","1.0","1.0","1.0","1.0","1.0","1.0","0.0","0.0","0.0","1.0","1.0","1.0","1.0","1.0","1.0","1.0","0.0","1.0","1.0","1.0","0.0","1.0","0.0","1.0","1.0","0.0","1.0","1.0","1.0","0.0","0.0","0.0","1.0","0.0","1.0","0.0","1.0","0.0","1.0","0.0","1.0","1.0","1.0","1.0","1.0","1.0","1.0","0.0","0.0","0.0","1.0","0.0","0.0","1.0","0.0","0.0","0.0","0.0","0.0","0.0","0.0","1.0","1.0","0.0","1.0","0.2939958498023135","0.2325695006254252","0.059925368346587106"
"1.0","0.0","1.0","1.0","1.0","0.0","1.0","1.0","1.0","1.0","1.0","1.0","0.0","1.0","1.0","1.0","1.0","1.0","0.0","0.0","0.0","1.0","1.0","1.0","1.0","1.0","1.0","0.0","0.0","0.0","1.0","1.0","1.0","1.0","1.0","1.0","1.0","1.0","1.0","1.0","1.0","0.0","1.0","1.0","0.0","1.0","0.0","1.0","1.0","1.0","0.0","1.0","0.0","1.0","0.0","0.0","0.0","1.0","0.0","0.0","0.0","1.0","1.0","0.0","1.0","1.0","1.0","1.0","0.0","0.0","0.0","1.0","0.0","0.0","0.0","0.0","0.0","0.0","0.0","0.0","0.0","0.0","0.0","1.0","0.0","1.0","0.26643940713123043","0.2670586165344937","0.05644672789096573"
"1.0","0.0","1.0","1.0","1.0","1.0","1.0","1.0","1.0","1.0","1.0","1.0","0.0","1.0","1.0","0.0","1.0","1.0","0.0","1.0","1.0","1.0","1.0","1.0","1.0","1.0","1.0","0.0","1.0","0.0","1.0","1.0","1.0","1.0","1.0","1.0","1.0","1.0","1.0","1.0","1.0","0.0","1.0","1.0","1.0","1.0","1.0","1.0","1.0","1.0","0.0","1.0","0.0","1.0","0.0","1.0","0.0","1.0","0.0","1.0","0.0","1.0","1.0","1.0","1.0","1.0","1.0","1.0","0.0","0.0","0.0","1.0","0.0","1.0","1.0","0.0","0.0","0.0","0.0","0.0","1.0","1.0","1.0","1.0","1.0","1.0","0.4328839701955561","0.1751548728001047","0.013485658064873127"
"1.0","0.0","1.0","1.0","1.0","1.0","0.0","0.0","1.0","0.0","0.0","0.0","0.0","1.0","1.0","0.0","0.0","1.0","0.0","0.0","0.0","1.0","0.0","1.0","1.0","1.0","0.0","0.0","0.0","0.0","1.0","0.0","1.0","1.0","1.0","0.0","1.0","1.0","1.0","1.0","1.0","0.0","1.0","0.0","0.0","1.0","0.0","0.0","0.0","0.0","0.0","0.0","0.0","1.0","0.0","0.0","0.0","0.0","0.0","1.0","0.0","1.0","1.0","0.0","1.0","1.0","0.0","1.0","0.0","0.0","0.0","1.0","0.0","1.0","0.0","0.0","0.0","0.0","0.0","0.0","0.0","0.0","1.0","0.0","0.0","1.0","0.1664377215059071","0.36990870978328416","0.08287760994739002"
"1.0","0.0","1.0","1.0","1.0","1.0","0.0","0.0","1.0","1.0","1.0","1.0","0.0","1.0","1.0","1.0","1.0","1.0","0.0","1.0","1.0","1.0","0.0","1.0","1.0","1.0","1.0","0.0","0.0","0.0","1.0","1.0","1.0","1.0","1.0","1.0","1.0","1.0","1.0","1.0","1.0","0.0","1.0","0.0","0.0","1.0","0.0","1.0","1.0","1.0","0.0","1.0","0.0","1.0","0.0","0.0","0.0","1.0","0.0","1.0","0.0","1.0","1.0","0.0","1.0","1.0","1.0","1.0","0.0","0.0","0.0","1.0","1.0","1.0","1.0","1.0","1.0","0.0","0.0","0.0","1.0","0.0","1.0","1.0","0.0","1.0","0.31332321204866265","0.21621850700478135","0.0535753040061547"
"1.0","0.0","1.0","1.0","0.0","0.0","0.0","1.0","1.0","1.0","1.0","1.0","0.0","1.0","1.0","1.0","1.0","1.0","0.0","0.0","1.0","1.0","0.0","1.0","1.0","1.0","0.0","0.0","0.0","0.0","1.0","1.0","1.0","0.0","1.0","0.0","1.0","0.0","1.0","1.0","1.0","0.0","0.0","0.0","0.0","1.0","0.0","1.0","1.0","0.0","0.0","1.0","0.0","1.0","0.0","0.0","0.0","1.0","0.0","0.0","0.0","1.0","1.0","0.0","1.0","0.0","1.0","1.0","0.0","0.0","0.0","1.0","0.0","1.0","1.0","0.0","0.0","0.0","0.0","0.0","0.0","0.0","0.0","0.0","0.0","1.0","0.1905834109068335","0.33885540839469097","0.09799851855415936"
"1.0","0.0","1.0","0.0","0.0","1.0","0.0","1.0","1.0","1.0","1.0","0.0","0.0","1.0","1.0","1.0","1.0","1.0","0.0","0.0","1.0","0.0","0.0","1.0","1.0","1.0","0.0","0.0","0.0","0.0","1.0","1.0","1.0","1.0","1.0","0.0","1.0","1.0","1.0","1.0","1.0","0.0","1.0","0.0","1.0","1.0","0.0","1.0","1.0","1.0","0.0","1.0","0.0","0.0","0.0","0.0","0.0","1.0","0.0","0.0","0.0","1.0","1.0","0.0","1.0","1.0","1.0","1.0","0.0","0.0","0.0","1.0","0.0","1.0","0.0","0.0","0.0","0.0","0.0","0.0","1.0","0.0","0.0","1.0","0.0","1.0","0.2370459046967351","0.2979837392488035","0.059660061000860756"
"1.0","0.0","0.0","1.0","1.0","1.0","0.0","1.0","1.0","1.0","1.0","1.0","0.0","1.0","0.0","0.0","1.0","1.0","0.0","0.0","0.0","1.0","0.0","1.0","1.0","1.0","0.0","0.0","1.0","0.0","1.0","0.0","1.0","1.0","1.0","0.0","1.0","0.0","1.0","1.0","1.0","0.0","0.0","0.0","0.0","1.0","1.0","0.0","1.0","1.0","0.0","1.0","0.0","0.0","0.0","1.0","0.0","1.0","0.0","1.0","0.0","1.0","1.0","0.0","1.0","1.0","0.0","1.0","0.0","0.0","0.0","1.0","0.0","1.0","1.0","0.0","1.0","0.0","0.0","0.0","0.0","0.0","0.0","1.0","0.0","1.0","0.2646385357755599","0.3283218097477827","0.016009053175730276"
"1.0","0.0","1.0","1.0","1.0","1.0","1.0","1.0","1.0","1.0","1.0","1.0","0.0","1.0","1.0","0.0","1.0","1.0","0.0","0.0","1.0","1.0","0.0","1.0","1.0","1.0","0.0","0.0","0.0","0.0","1.0","0.0","1.0","0.0","1.0","0.0","1.0","1.0","1.0","1.0","1.0","0.0","1.0","1.0","0.0","1.0","1.0","1.0","1.0","1.0","0.0","1.0","0.0","1.0","0.0","0.0","0.0","1.0","0.0","1.0","0.0","1.0","1.0","1.0","1.0","1.0","0.0","1.0","0.0","0.0","0.0","1.0","0.0","1.0","1.0","0.0","0.0","0.0","0.0","0.0","1.0","0.0","1.0","1.0","0.0","1.0","0.28386216997083225","0.27625036368754613","0.01942152034833056"
"1.0","1.0","1.0","1.0","1.0","1.0","1.0","1.0","1.0","1.0","1.0","1.0","0.0","1.0","1.0","1.0","1.0","1.0","0.0","1.0","1.0","1.0","1.0","0.0","0.0","1.0","1.0","0.0","0.0","0.0","1.0","0.0","1.0","1.0","1.0","0.0","1.0","1.0","1.0","0.0","0.0","0.0","0.0","0.0","0.0","1.0","1.0","0.0","1.0","1.0","0.0","0.0","0.0","1.0","1.0","0.0","0.0","1.0","0.0","0.0","0.0","1.0","1.0","1.0","1.0","1.0","1.0","1.0","0.0","0.0","0.0","1.0","0.0","1.0","1.0","0.0","1.0","0.0","0.0","0.0","1.0","0.0","1.0","1.0","0.0","1.0","0.3375296710940787","0.24097735503879475","0.02532874908088409"
"1.0","1.0","1.0","1.0","1.0","0.0","1.0","0.0","1.0","1.0","1.0","1.0","0.0","1.0","0.0","1.0","0.0","1.0","0.0","0.0","0.0","0.0","0.0","1.0","0.0","1.0","0.0","0.0","0.0","0.0","1.0","1.0","1.0","0.0","0.0","0.0","1.0","0.0","1.0","1.0","1.0","0.0","1.0","0.0","1.0","1.0","1.0","0.0","0.0","1.0","0.0","1.0","0.0","1.0","0.0","0.0","0.0","0.0","0.0","0.0","0.0","1.0","1.0","0.0","1.0","1.0","0.0","1.0","0.0","0.0","0.0","0.0","0.0","0.0","1.0","0.0","0.0","0.0","0.0","0.0","0.0","0.0","0.0","0.0","0.0","1.0","0.20857226406311152","0.38302875182955326","0.03458942318845841"
"1.0","0.0","0.0","1.0","1.0","1.0","0.0","0.0","1.0","0.0","1.0","0.0","0.0","1.0","0.0","0.0","0.0","1.0","0.0","0.0","0.0","1.0","0.0","1.0","1.0","1.0","0.0","0.0","0.0","0.0","1.0","1.0","1.0","0.0","1.0","0.0","1.0","0.0","1.0","1.0","1.0","0.0","0.0","0.0","0.0","1.0","1.0","0.0","0.0","1.0","0.0","1.0","0.0","1.0","0.0","0.0","0.0","0.0","0.0","0.0","0.0","1.0","0.0","1.0","0.0","1.0","0.0","1.0","0.0","0.0","0.0","1.0","0.0","1.0","1.0","0.0","1.0","0.0","0.0","0.0","1.0","0.0","0.0","0.0","0.0","1.0","0.19970831135781392","0.38723074858461815","0.04230203372855763"
"1.0","0.0","1.0","1.0","1.0","1.0","1.0","1.0","1.0","1.0","1.0","1.0","0.0","1.0","1.0","1.0","1.0","1.0","0.0","0.0","1.0","1.0","1.0","1.0","1.0","1.0","1.0","0.0","1.0","0.0","1.0","1.0","1.0","1.0","1.0","0.0","1.0","1.0","1.0","1.0","1.0","1.0","1.0","0.0","0.0","1.0","1.0","1.0","0.0","1.0","0.0","1.0","0.0","1.0","0.0","0.0","1.0","0.0","0.0","0.0","0.0","1.0","1.0","1.0","1.0","1.0","0.0","1.0","0.0","0.0","0.0","1.0","0.0","1.0","1.0","1.0","1.0","0.0","0.0","0.0","0.0","0.0","1.0","1.0","0.0","1.0","0.3391523235110916","0.25227268827999266","0.013223946135222755"
"1.0","0.0","0.0","1.0","0.0","0.0","0.0","0.0","1.0","1.0","1.0","1.0","0.0","1.0","0.0","0.0","0.0","1.0","0.0","0.0","1.0","1.0","0.0","1.0","1.0","1.0","0.0","0.0","0.0","0.0","1.0","1.0","1.0","0.0","1.0","0.0","1.0","0.0","1.0","1.0","1.0","0.0","1.0","1.0","1.0","1.0","1.0","0.0","0.0","1.0","0.0","0.0","0.0","1.0","0.0","1.0","0.0","0.0","0.0","1.0","0.0","1.0","1.0","0.0","1.0","1.0","0.0","1.0","0.0","0.0","0.0","1.0","0.0","1.0","1.0","0.0","1.0","0.0","0.0","0.0","0.0","0.0","0.0","0.0","0.0","1.0","0.2214552660394753","0.36596415706186114","0.033242374062591354"
"1.0","0.0","1.0","1.0","1.0","0.0","0.0","1.0","1.0","0.0","1.0","1.0","0.0","1.0","1.0","0.0","1.0","1.0","0.0","1.0","0.0","1.0","0.0","1.0","1.0","1.0","1.0","0.0","0.0","0.0","1.0","1.0","1.0","1.0","1.0","1.0","1.0","1.0","1.0","1.0","1.0","0.0","1.0","1.0","0.0","1.0","1.0","1.0","1.0","1.0","0.0","1.0","0.0","1.0","0.0","0.0","0.0","1.0","0.0","0.0","0.0","1.0","1.0","1.0","1.0","1.0","1.0","1.0","0.0","0.0","0.0","1.0","0.0","1.0","1.0","0.0","0.0","0.0","0.0","0.0","0.0","0.0","1.0","1.0","0.0","1.0","0.31699363227607913","0.24572117946587763","0.018209914606246574"
"1.0","0.0","1.0","1.0","1.0","0.0","0.0","0.0","1.0","1.0","1.0","1.0","0.0","1.0","0.0","1.0","0.0","1.0","0.0","0.0","1.0","0.0","0.0","1.0","0.0","1.0","0.0","0.0","0.0","0.0","1.0","1.0","1.0","1.0","1.0","0.0","1.0","1.0","1.0","1.0","0.0","0.0","0.0","1.0","0.0","1.0","0.0","0.0","1.0","1.0","0.0","1.0","0.0","0.0","0.0","0.0","0.0","1.0","0.0","1.0","0.0","1.0","1.0","1.0","1.0","1.0","0.0","1.0","0.0","0.0","0.0","1.0","0.0","1.0","0.0","0.0","0.0","0.0","1.0","0.0","0.0","0.0","1.0","0.0","0.0","1.0","0.2087497154515951","0.3460373890673597","0.06921471375631698"
"1.0","0.0","1.0","1.0","0.0","1.0","1.0","0.0","1.0","1.0","1.0","0.0","0.0","1.0","0.0","1.0","1.0","1.0","0.0","0.0","0.0","0.0","0.0","1.0","0.0","1.0","0.0","0.0","0.0","0.0","1.0","1.0","1.0","1.0","1.0","0.0","1.0","0.0","1.0","1.0","0.0","0.0","1.0","0.0","0.0","1.0","1.0","1.0","0.0","0.0","0.0","0.0","0.0","0.0","0.0","0.0","0.0","1.0","0.0","0.0","0.0","1.0","0.0","0.0","0.0","1.0","1.0","1.0","0.0","0.0","0.0","1.0","0.0","1.0","1.0","0.0","0.0","0.0","0.0","0.0","1.0","0.0","0.0","0.0","0.0","1.0","0.2270740373190755","0.353384074276431","0.04912106366001588"
"1.0","1.0","1.0","1.0","1.0","1.0","0.0","1.0","1.0","1.0","1.0","1.0","0.0","1.0","1.0","1.0","0.0","1.0","0.0","1.0","0.0","1.0","1.0","1.0","1.0","1.0","1.0","0.0","0.0","0.0","1.0","1.0","1.0","1.0","1.0","1.0","1.0","1.0","1.0","0.0","1.0","1.0","1.0","1.0","1.0","1.0","1.0","0.0","1.0","1.0","1.0","1.0","0.0","1.0","0.0","0.0","0.0","1.0","0.0","1.0","0.0","1.0","1.0","1.0","1.0","1.0","1.0","1.0","0.0","1.0","0.0","1.0","0.0","1.0","1.0","0.0","1.0","0.0","0.0","0.0","0.0","0.0","1.0","1.0","0.0","1.0","0.38128543146307653","0.2120337676530277","0.014046114999101134"
"1.0","0.0","1.0","1.0","1.0","1.0","0.0","0.0","1.0","1.0","1.0","0.0","0.0","1.0","1.0","1.0","1.0","1.0","0.0","1.0","1.0","1.0","0.0","1.0","1.0","1.0","0.0","0.0","0.0","0.0","0.0","1.0","1.0","1.0","1.0","0.0","1.0","1.0","1.0","1.0","1.0","0.0","1.0","0.0","0.0","1.0","0.0","0.0","1.0","1.0","0.0","1.0","0.0","1.0","0.0","0.0","0.0","1.0","0.0","0.0","0.0","1.0","1.0","0.0","1.0","1.0","1.0","1.0","0.0","0.0","0.0","1.0","0.0","1.0","1.0","0.0","0.0","0.0","0.0","0.0","0.0","1.0","1.0","1.0","0.0","1.0","0.24964976679599885","0.2806399470330718","0.06344708562095752"
"1.0","1.0","1.0","1.0","1.0","1.0","1.0","0.0","1.0","1.0","1.0","1.0","0.0","1.0","1.0","1.0","0.0","1.0","0.0","0.0","1.0","1.0","1.0","1.0","1.0","1.0","1.0","0.0","0.0","0.0","1.0","1.0","1.0","1.0","1.0","0.0","1.0","1.0","0.0","1.0","1.0","0.0","1.0","1.0","1.0","1.0","0.0","1.0","1.0","1.0","0.0","1.0","0.0","1.0","1.0","1.0","1.0","1.0","0.0","1.0","0.0","1.0","1.0","1.0","1.0","1.0","1.0","1.0","0.0","0.0","0.0","1.0","0.0","1.0","0.0","1.0","1.0","0.0","0.0","0.0","1.0","0.0","1.0","1.0","0.0","1.0","0.33408686795510234","0.21676441682707243","0.05238155107759492"
"1.0","0.0","1.0","1.0","1.0","1.0","1.0","0.0","1.0","1.0","1.0","1.0","0.0","1.0","1.0","0.0","1.0","1.0","0.0","0.0","1.0","1.0","1.0","1.0","1.0","1.0","1.0","0.0","1.0","0.0","1.0","1.0","1.0","1.0","1.0","0.0","1.0","1.0","1.0","1.0","1.0","0.0","0.0","1.0","1.0","1.0","1.0","1.0","0.0","1.0","0.0","1.0","0.0","1.0","0.0","0.0","1.0","1.0","0.0","1.0","0.0","1.0","1.0","0.0","1.0","1.0","0.0","1.0","0.0","0.0","0.0","1.0","0.0","1.0","0.0","0.0","0.0","0.0","0.0","0.0","0.0","0.0","0.0","1.0","0.0","1.0","0.3015328499539173","0.27369347200256544","0.01642431180234072"
"1.0","0.0","1.0","1.0","1.0","1.0","0.0","0.0","1.0","1.0","1.0","1.0","0.0","1.0","1.0","1.0","1.0","1.0","0.0","1.0","1.0","1.0","1.0","1.0","1.0","1.0","1.0","0.0","0.0","0.0","1.0","1.0","1.0","1.0","1.0","0.0","1.0","1.0","1.0","1.0","1.0","0.0","1.0","0.0","1.0","1.0","1.0","0.0","1.0","0.0","0.0","1.0","0.0","1.0","0.0","0.0","0.0","1.0","0.0","1.0","0.0","1.0","1.0","1.0","1.0","0.0","1.0","1.0","0.0","0.0","0.0","1.0","0.0","1.0","0.0","0.0","1.0","0.0","0.0","0.0","1.0","0.0","1.0","1.0","0.0","1.0","0.32072186708570516","0.22186273973828066","0.04236755506569412"
"1.0","0.0","0.0","1.0","1.0","0.0","0.0","0.0","1.0","1.0","1.0","1.0","0.0","1.0","0.0","1.0","0.0","1.0","0.0","0.0","0.0","1.0","0.0","1.0","1.0","1.0","0.0","1.0","0.0","0.0","1.0","1.0","1.0","1.0","1.0","0.0","1.0","1.0","1.0","1.0","1.0","0.0","1.0","0.0","1.0","1.0","1.0","1.0","1.0","1.0","0.0","1.0","0.0","1.0","0.0","0.0","0.0","1.0","0.0","1.0","0.0","1.0","1.0","1.0","1.0","1.0","0.0","1.0","0.0","1.0","0.0","1.0","1.0","1.0","1.0","0.0","0.0","0.0","0.0","0.0","0.0","0.0","0.0","1.0","0.0","1.0","0.3502788585983398","0.29052120105290163","0.011777699074036448"
"1.0","1.0","1.0","1.0","1.0","1.0","0.0","1.0","1.0","1.0","1.0","1.0","0.0","1.0","1.0","1.0","1.0","1.0","0.0","0.0","1.0","1.0","0.0","1.0","1.0","1.0","1.0","0.0","0.0","0.0","1.0","1.0","1.0","1.0","1.0","1.0","1.0","1.0","1.0","1.0","1.0","0.0","1.0","0.0","0.0","1.0","1.0","1.0","1.0","1.0","1.0","1.0","0.0","0.0","0.0","0.0","0.0","1.0","0.0","1.0","0.0","1.0","1.0","1.0","1.0","1.0","0.0","1.0","0.0","0.0","0.0","1.0","0.0","1.0","1.0","0.0","1.0","0.0","0.0","0.0","0.0","0.0","0.0","1.0","0.0","1.0","0.31303454226490135","0.2622170132693471","0.014065263201522604"
"1.0","0.0","1.0","1.0","0.0","1.0","0.0","1.0","1.0","1.0","0.0","1.0","0.0","1.0","0.0","1.0","0.0","1.0","0.0","0.0","0.0","0.0","0.0","1.0","1.0","1.0","0.0","0.0","0.0","0.0","1.0","1.0","1.0","0.0","1.0","0.0","1.0","1.0","1.0","1.0","1.0","0.0","1.0","0.0","0.0","1.0","0.0","0.0","0.0","1.0","0.0","1.0","0.0","1.0","0.0","0.0","0.0","0.0","0.0","1.0","0.0","1.0","1.0","0.0","0.0","0.0","0.0","1.0","0.0","0.0","0.0","0.0","0.0","1.0","0.0","0.0","0.0","0.0","0.0","0.0","1.0","0.0","0.0","0.0","0.0","1.0","0.15348213348801668","0.397292458823103","0.10192076169436445"
"1.0","0.0","1.0","1.0","1.0","1.0","1.0","1.0","1.0","0.0","1.0","0.0","0.0","1.0","0.0","1.0","1.0","1.0","0.0","0.0","0.0","1.0","1.0","1.0","1.0","1.0","0.0","0.0","0.0","0.0","1.0","0.0","1.0","1.0","1.0","1.0","1.0","1.0","1.0","1.0","0.0","0.0","0.0","0.0","1.0","1.0","1.0","1.0","1.0","1.0","0.0","1.0","0.0","1.0","0.0","0.0","0.0","1.0","0.0","0.0","0.0","1.0","1.0","0.0","1.0","1.0","0.0","1.0","0.0","0.0","0.0","1.0","0.0","1.0","0.0","0.0","1.0","0.0","0.0","0.0","0.0","0.0","0.0","0.0","0.0","1.0","0.252673056971204","0.32252140383700617","0.027837465474049895"
"1.0","0.0","0.0","1.0","0.0","0.0","0.0","1.0","1.0","1.0","1.0","1.0","0.0","1.0","0.0","1.0","0.0","1.0","0.0","0.0","1.0","1.0","0.0","1.0","1.0","1.0","0.0","0.0","0.0","0.0","0.0","0.0","1.0","1.0","1.0","0.0","1.0","0.0","1.0","1.0","1.0","0.0","0.0","0.0","0.0","1.0","0.0","1.0","0.0","1.0","0.0","1.0","0.0","1.0","0.0","0.0","0.0","1.0","0.0","1.0","0.0","1.0","0.0","0.0","1.0","1.0","0.0","1.0","0.0","0.0","0.0","1.0","0.0","1.0","1.0","0.0","0.0","0.0","0.0","0.0","0.0","0.0","0.0","0.0","0.0","1.0","0.15790371321442018","0.3885795120036859","0.08319517942856733"
"0.0","0.0","1.0","1.0","1.0","1.0","0.0","0.0","1.0","1.0","1.0","1.0","0.0","1.0","1.0","1.0","0.0","1.0","0.0","0.0","0.0","1.0","1.0","1.0","1.0","1.0","1.0","0.0","0.0","0.0","1.0","1.0","1.0","0.0","1.0","0.0","1.0","1.0","1.0","1.0","0.0","0.0","1.0","0.0","1.0","1.0","1.0","0.0","0.0","1.0","0.0","1.0","0.0","0.0","0.0","0.0","0.0","0.0","0.0","1.0","0.0","1.0","1.0","1.0","1.0","1.0","0.0","1.0","0.0","0.0","0.0","1.0","0.0","1.0","1.0","0.0","0.0","0.0","0.0","0.0","0.0","0.0","0.0","0.0","0.0","1.0","0.24451601151023883","0.3196721980695801","0.03306619358657389"
"0.0","0.0","1.0","1.0","1.0","1.0","0.0","1.0","1.0","1.0","1.0","1.0","0.0","1.0","1.0","1.0","1.0","1.0","0.0","1.0","1.0","1.0","1.0","1.0","1.0","1.0","1.0","0.0","0.0","0.0","0.0","1.0","1.0","1.0","1.0","0.0","1.0","1.0","0.0","1.0","1.0","0.0","1.0","0.0","0.0","1.0","1.0","1.0","1.0","1.0","0.0","1.0","0.0","1.0","0.0","0.0","0.0","1.0","0.0","1.0","0.0","1.0","1.0","1.0","1.0","1.0","0.0","1.0","0.0","0.0","0.0","1.0","0.0","1.0","1.0","0.0","0.0","0.0","0.0","0.0","0.0","0.0","1.0","1.0","0.0","1.0","0.29646622101917475","0.26202861509141123","0.02447143778297476"
"1.0","1.0","1.0","1.0","1.0","1.0","1.0","1.0","1.0","1.0","1.0","1.0","0.0","1.0","1.0","1.0","1.0","1.0","1.0","1.0","1.0","1.0","1.0","1.0","0.0","1.0","1.0","0.0","0.0","0.0","1.0","0.0","1.0","1.0","1.0","1.0","1.0","1.0","1.0","1.0","0.0","0.0","1.0","1.0","1.0","1.0","1.0","1.0","1.0","1.0","0.0","1.0","0.0","1.0","0.0","0.0","0.0","1.0","0.0","1.0","0.0","1.0","1.0","0.0","1.0","1.0","1.0","1.0","0.0","1.0","0.0","1.0","0.0","1.0","1.0","0.0","1.0","0.0","0.0","0.0","1.0","0.0","1.0","1.0","0.0","1.0","0.3824585166484504","0.18606044861755716","0.01592158617101116"
"0.0","0.0","1.0","1.0","1.0","1.0","0.0","1.0","1.0","0.0","1.0","1.0","0.0","1.0","1.0","1.0","1.0","1.0","0.0","0.0","1.0","1.0","0.0","1.0","1.0","1.0","1.0","0.0","1.0","0.0","1.0","1.0","1.0","1.0","1.0","0.0","1.0","1.0","1.0","1.0","1.0","0.0","1.0","0.0","1.0","1.0","0.0","0.0","1.0","1.0","0.0","1.0","0.0","0.0","1.0","0.0","0.0","1.0","0.0","0.0","0.0","1.0","1.0","0.0","1.0","1.0","1.0","1.0","0.0","0.0","0.0","1.0","0.0","1.0","1.0","0.0","1.0","0.0","0.0","0.0","0.0","0.0","1.0","1.0","0.0","1.0","0.26921942034408575","0.2623645045789582","0.05917894907835966"
"1.0","0.0","1.0","1.0","1.0","1.0","0.0","0.0","1.0","1.0","1.0","1.0","0.0","1.0","1.0","1.0","1.0","1.0","0.0","0.0","1.0","1.0","0.0","1.0","1.0","1.0","1.0","0.0","0.0","0.0","1.0","1.0","1.0","1.0","1.0","1.0","1.0","1.0","1.0","1.0","0.0","0.0","1.0","0.0","1.0","1.0","0.0","1.0","0.0","1.0","0.0","1.0","0.0","1.0","1.0","0.0","0.0","1.0","0.0","1.0","0.0","1.0","1.0","1.0","1.0","1.0","1.0","1.0","0.0","1.0","1.0","1.0","0.0","1.0","1.0","0.0","1.0","0.0","0.0","0.0","1.0","0.0","1.0","1.0","0.0","1.0","0.3092012954388181","0.22466136626697242","0.05500470715634015"
"1.0","0.0","1.0","1.0","0.0","1.0","1.0","1.0","1.0","1.0","1.0","1.0","0.0","1.0","1.0","1.0","1.0","1.0","0.0","1.0","1.0","1.0","1.0","1.0","1.0","1.0","1.0","0.0","0.0","0.0","1.0","1.0","1.0","1.0","1.0","1.0","1.0","1.0","1.0","1.0","0.0","1.0","1.0","1.0","0.0","1.0","0.0","1.0","1.0","1.0","0.0","1.0","0.0","1.0","0.0","0.0","0.0","1.0","0.0","1.0","0.0","1.0","1.0","1.0","1.0","1.0","1.0","1.0","0.0","0.0","0.0","1.0","0.0","1.0","0.0","0.0","0.0","0.0","0.0","0.0","1.0","0.0","1.0","1.0","0.0","1.0","0.3148794540120084","0.20901981197226155","0.05687206830366124"
"1.0","0.0","1.0","1.0","1.0","0.0","1.0","1.0","1.0","1.0","1.0","1.0","0.0","1.0","1.0","1.0","1.0","1.0","0.0","0.0","1.0","1.0","0.0","1.0","1.0","1.0","1.0","0.0","0.0","0.0","1.0","1.0","1.0","1.0","1.0","0.0","1.0","1.0","1.0","1.0","0.0","0.0","0.0","1.0","1.0","1.0","1.0","1.0","1.0","1.0","0.0","1.0","0.0","1.0","0.0","0.0","0.0","0.0","0.0","0.0","0.0","1.0","1.0","1.0","1.0","1.0","1.0","1.0","0.0","0.0","0.0","1.0","0.0","1.0","0.0","0.0","0.0","0.0","0.0","0.0","0.0","0.0","1.0","1.0","0.0","1.0","0.3007265131053077","0.2584507375879299","0.01705104662753865"
"0.0","0.0","1.0","1.0","1.0","1.0","1.0","1.0","1.0","1.0","1.0","1.0","0.0","1.0","0.0","1.0","1.0","1.0","0.0","1.0","1.0","1.0","0.0","1.0","1.0","1.0","0.0","0.0","0.0","0.0","1.0","1.0","1.0","1.0","1.0","0.0","1.0","0.0","1.0","1.0","0.0","0.0","1.0","0.0","0.0","1.0","0.0","0.0","1.0","0.0","0.0","1.0","0.0","0.0","0.0","0.0","0.0","0.0","0.0","1.0","0.0","1.0","1.0","1.0","1.0","1.0","0.0","1.0","0.0","0.0","0.0","1.0","0.0","1.0","0.0","0.0","0.0","0.0","0.0","0.0","0.0","0.0","1.0","1.0","0.0","1.0","0.21900510422040237","0.31839491916913215","0.06538599814908282"
"1.0","0.0","1.0","1.0","1.0","0.0","0.0","1.0","1.0","1.0","1.0","0.0","0.0","1.0","0.0","1.0","1.0","1.0","0.0","0.0","1.0","1.0","0.0","1.0","1.0","1.0","0.0","0.0","0.0","0.0","1.0","1.0","1.0","1.0","0.0","0.0","1.0","1.0","1.0","1.0","1.0","0.0","0.0","0.0","0.0","1.0","0.0","0.0","0.0","0.0","0.0","1.0","0.0","1.0","0.0","0.0","0.0","1.0","0.0","0.0","0.0","1.0","1.0","1.0","1.0","1.0","1.0","1.0","0.0","0.0","0.0","1.0","0.0","1.0","0.0","0.0","0.0","0.0","0.0","0.0","0.0","0.0","0.0","1.0","0.0","1.0","0.21426444489885296","0.32705330681129136","0.06414200423609462"
"1.0","1.0","1.0","1.0","0.0","1.0","1.0","1.0","1.0","1.0","1.0","1.0","1.0","1.0","1.0","1.0","0.0","1.0","0.0","1.0","1.0","1.0","1.0","1.0","1.0","1.0","1.0","0.0","0.0","0.0","1.0","1.0","1.0","1.0","1.0","1.0","1.0","1.0","1.0","1.0","1.0","1.0","1.0","0.0","1.0","1.0","0.0","0.0","1.0","0.0","0.0","1.0","1.0","1.0","1.0","1.0","1.0","1.0","1.0","1.0","1.0","1.0","1.0","1.0","1.0","1.0","1.0","0.0","0.0","1.0","1.0","1.0","1.0","1.0","1.0","1.0","0.0","1.0","0.0","0.0","0.0","0.0","1.0","1.0","0.0","1.0","0.66761713355404","0.121404401463108","0.10564948637523483"
"1.0","0.0","1.0","1.0","1.0","0.0","1.0","0.0","1.0","1.0","1.0","1.0","0.0","1.0","1.0","1.0","1.0","1.0","0.0","0.0","1.0","1.0","0.0","1.0","1.0","1.0","0.0","0.0","0.0","0.0","1.0","1.0","1.0","1.0","1.0","0.0","1.0","1.0","1.0","1.0","1.0","0.0","0.0","0.0","0.0","1.0","1.0","0.0","0.0","1.0","0.0","1.0","0.0","1.0","1.0","0.0","0.0","1.0","0.0","1.0","0.0","1.0","1.0","1.0","1.0","1.0","1.0","1.0","0.0","0.0","0.0","1.0","0.0","1.0","0.0","0.0","1.0","0.0","0.0","0.0","0.0","0.0","0.0","1.0","0.0","1.0","0.2881552808482147","0.27463628601409107","0.01612670279097316"
